date,tvl,idle_cash,rebalanced,scenario,n_rebalances,pos_aave_v3_usdc,pos_compound_v3_usdc,pos_dolomite_usdc,pos_euler_v2_usdc,pos_fluid_usdc,pos_morpho_blue_usdc,pos_venus_usdc
2024-01-01,1000067005634,867547650000,False,realistic,0,50022575342,50016547945,32480232347,0,0,0,0
2024-01-02,1000325068466,149038738722,True,realistic,1,291088864930,299058623561,261138841253,0,0,0,0
2024-01-03,1000880013995,263617961203,True,realistic,2,291205689379,269089194133,176967169280,0,0,0,0
2024-01-04,1001296538316,240464551427,True,realistic,3,291305557708,261315504395,208210924786,0,0,0,0
2024-01-05,1001789874434,221105719026,True,realistic,4,291478356663,263322869454,225882929291,0,0,0,0
2024-01-06,1002111447258,229161412511,True,realistic,5,291573407082,267463286912,213913340753,0,0,0,0
2024-01-07,1002345583521,250682302635,True,realistic,6,291645589953,253697092537,206320598396,0,0,0,0
2024-01-08,1002542931734,207685643991,True,realistic,7,291714370190,288387947843,214754969710,0,0,0,0
2024-01-09,1002777348133,177945053100,True,realistic,8,291819362397,297352459245,235660473391,0,0,0,0
2024-01-10,1003037866821,169260752425,True,realistic,9,291880161013,286493115142,255403838241,0,0,0,0
2024-01-11,1003310427834,152851614245,True,realistic,10,291937917827,308578925795,249941969967,0,0,0,0
2024-01-12,1003672871058,441402850944,True,realistic,11,292080919732,221116981064,49072119318,0,0,0,0
2024-01-13,1004020873072,220007141240,True,realistic,12,292154585685,254736611080,237122535067,0,0,0,0
2024-01-14,1004294858675,245791499958,True,realistic,13,292207776009,257338910834,208956671874,0,0,0,0
2024-01-15,1004693150066,360865107328,True,realistic,14,292319063073,232368696859,119140282806,0,0,0,0
2024-01-16,1005117718860,331493388127,True,realistic,15,292439799347,237389280034,143795251352,0,0,0,0
2024-01-17,1005579647823,227135890062,True,realistic,16,292585657441,253916641850,231941458470,0,0,0,0
2024-01-18,1005868266694,237121071944,True,realistic,17,292661357824,263978198449,212107638477,0,0,0,0
2024-01-19,1006123695369,94389153099,True,realistic,18,292783368630,311122694877,307828478763,0,0,0,0
2024-01-20,1006332906891,142108154803,True,realistic,19,292817450047,346232963856,225174338185,0,0,0,0
2024-01-21,1006539336606,191904001432,True,realistic,20,292879541436,292256602485,229499191253,0,0,0,0
2024-01-22,1006671016420,50326966830,False,realistic,20,424804791482,302020952402,229518305706,0,0,0,0
2024-01-23,1006822588504,61377128580,True,realistic,21,370375858698,292997125263,282072475963,0,0,0,0
2024-01-24,1007060663862,246074570362,True,realistic,22,293021976358,243329658569,224634458573,0,0,0,0
2024-01-25,1007176519926,50353033193,False,realistic,22,430009159044,302159005807,224655321882,0,0,0,0
2024-01-26,1007309840526,50353033193,False,realistic,22,430066179436,302213394428,224677233469,0,0,0,0
2024-01-27,1007448534374,34684239657,True,realistic,23,375812635947,293177758143,303773900627,0,0,0,0
2024-01-28,1007608474900,52925657374,True,realistic,24,385437228411,293230735239,276014853876,0,0,0,0
2024-01-29,1007792935862,37842726092,True,realistic,25,396802520705,272097848963,301049840102,0,0,0,0
2024-01-30,1007947707055,34632877826,True,realistic,26,376539388798,293325112326,303450328105,0,0,0,0
2024-01-31,1008179206687,208846401970,True,realistic,27,293352480427,271647294931,234333029359,0,0,0,0
2024-02-01,1008339109542,51183598530,True,realistic,28,376882834047,293440754249,286831922716,0,0,0,0
2024-02-02,1008599094054,227383797388,True,realistic,29,293462937159,262675042748,225077316759,0,0,0,0
2024-02-03,1008723372316,57459480817,True,realistic,30,293539245292,334461461364,323263184843,0,0,0,0
2024-02-04,1008838596598,1,True,realistic,31,363259926055,356802851487,288775819055,0,0,0,0
2024-02-05,1008996191828,1,False,realistic,31,363329691865,356868053542,288798446420,0,0,0,0
2024-02-06,1009131073133,1,False,realistic,31,363374286851,356932387563,288824398718,0,0,0,0
2024-02-07,1009296449324,38312461595,True,realistic,32,390563981066,293723195023,286696811640,0,0,0,0
2024-02-08,1009459006747,39126338911,True,realistic,33,398095472661,293772698263,278464496912,0,0,0,0
2024-02-09,1009615434437,257210874757,True,realistic,34,369382023277,335541021719,47481514684,0,0,0,0
2024-02-10,1009780084400,53480028761,False,realistic,34,504911029920,403900499382,47488526337,0,0,0,0
2024-02-11,1009982958977,53468494383,False,realistic,34,505029995258,403989385680,47495083656,0,0,0,0
2024-02-12,1010123720528,0,False,realistic,34,505102636558,404043951917,100977132053,0,0,0,0
2024-02-13,1010362443516,0,False,realistic,34,505189818656,404185754739,100986870121,0,0,0,0
2024-02-14,1010617143922,0,False,realistic,34,505354662785,404265706003,100996775134,0,0,0,0
2024-02-15,1010805846002,0,False,realistic,34,505479132330,404319866531,101006847141,0,0,0,0
2024-02-16,1010984864834,0,False,realistic,34,505592969000,404374698951,101017196883,0,0,0,0
2024-02-17,1011197377114,0,False,realistic,34,505714726868,404454466014,101028184232,0,0,0,0
2024-02-18,1011426863378,128778865290,True,realistic,35,447471591767,329456809113,105719597208,0,0,0,0
2024-02-19,1011659312938,50571343168,False,realistic,35,505840483529,345774082363,109473403878,0,0,0,0
2024-02-20,1011837670991,243525872800,True,realistic,36,392602318181,329250950989,46458529021,0,0,0,0
2024-02-21,1012143335377,54725238079,False,realistic,36,506124945442,404827214928,46465936928,0,0,0,0
2024-02-22,1012340876558,94208118482,True,realistic,37,294601413000,352763701595,270767643481,0,0,0,0
2024-02-23,1012516539999,184178681401,True,realistic,38,388187096099,348599836085,91550926414,0,0,0,0
2024-02-24,1012778846062,50625826999,False,realistic,38,506426514185,364162811500,91563693378,0,0,0,0
2024-02-25,1013104658366,216052154792,True,realistic,39,491013491754,270586386840,35452624980,0,0,0,0
2024-02-26,1013415344677,65857840857,False,realistic,39,506766746538,405332459883,35458297399,0,0,0,0
2024-02-27,1013753555206,400980067159,True,realistic,40,294964461984,231875613126,85933412937,0,0,0,0
2024-02-28,1014081521869,252279288887,True,realistic,41,295043988996,261563391182,205194852804,0,0,0,0
2024-02-29,1014275785070,134366580640,True,realistic,42,393518715392,233690925097,252699563941,0,0,0,0
2024-03-01,1014592600343,146621780155,True,realistic,43,393679708278,352148111011,122143000899,0,0,0,0
2024-03-02,1014916567355,189338445169,True,realistic,44,393810334086,352499768985,79268019115,0,0,0,0
2024-03-03,1015252260386,288411043812,True,realistic,45,357584399748,335557881139,33698935687,0,0,0,0
2024-03-04,1015841879444,118084109096,True,realistic,46,295675891685,372959127180,229122751483,0,0,0,0
2024-03-05,1016137005428,238869112424,True,realistic,47,295662548803,273252615338,208352728863,0,0,0,0
2024-03-06,1016646990663,251071680773,True,realistic,48,295786602653,269953358162,199835349075,0,0,0,0
2024-03-07,1016988153528,200532424231,True,realistic,49,295947779251,295736612520,224771337526,0,0,0,0
2024-03-08,1017366077513,186408700179,True,realistic,50,295998606284,317406085777,217552685273,0,0,0,0
2024-03-09,1017824506640,272253740370,True,realistic,51,296166921111,258431549276,190972295883,0,0,0,0
2024-03-10,1018233493754,193280984945,True,realistic,52,296244464729,298212235829,230495808251,0,0,0,0
2024-03-11,1018701732476,163673851343,True,realistic,53,404474976873,151406215961,299146688299,0,0,0,0
2024-03-12,1019110802092,75167238715,True,realistic,54,373870396860,264098442627,305974723890,0,0,0,0
2024-03-13,1019537030041,169265558509,True,realistic,55,296665730465,307318151663,246287589404,0,0,0,0
2024-03-14,1020000499476,176121325750,True,realistic,56,296794033247,280820666513,266264473966,0,0,0,0
2024-03-15,1020246956328,77771530906,True,realistic,57,395840321681,255645594306,290989509435,0,0,0,0
2024-03-16,1020765320203,222669842043,True,realistic,58,296992726184,255999929012,245102822964,0,0,0,0
2024-03-17,1021066062566,1,True,realistic,59,455409431835,300491241659,265165389071,0,0,0,0
2024-03-18,1021431252589,169441516956,True,realistic,60,297203244975,294407423842,260379066816,0,0,0,0
2024-03-19,1021703066392,64347293564,True,realistic,61,385342884616,370430241836,201582646376,0,0,0,0
2024-03-20,1022194836775,254537149417,True,realistic,62,297497077014,300901892235,169258718109,0,0,0,0
2024-03-21,1022477381503,2,True,realistic,63,455261813268,306050141841,261165426392,0,0,0,0
2024-03-22,1022712672535,21024499406,True,realistic,64,433661309876,297584204105,270442659148,0,0,0,0
2024-03-23,1022939752409,188636841440,True,realistic,65,297671681836,293693617437,242937611696,0,0,0,0
2024-03-24,1023264298090,116042739746,True,realistic,66,297828791204,411118549357,198274217783,0,0,0,0
2024-03-25,1023560427231,166475623977,True,realistic,67,297868460347,349669210716,209547132191,0,0,0,0
2024-03-26,1023829689799,166682091373,True,realistic,68,297951806292,331716267939,227479524195,0,0,0,0
2024-03-27,1024144971009,127756700549,True,realistic,69,298081366303,385401824373,212905079784,0,0,0,0
2024-03-28,1024354227585,200277685946,True,realistic,70,421509756949,305080290847,97486493843,0,0,0,0
2024-03-29,1024537777287,261734404722,True,realistic,71,395486886014,320958122907,46358363644,0,0,0,0
2024-03-30,1024851812384,119291167898,True,realistic,72,396294026617,249734524001,259532093868,0,0,0,0
2024-03-31,1025162964756,213721177229,True,realistic,73,386471760314,150692591414,274277435799,0,0,0,0
2024-04-01,1025586751970,118797295265,True,realistic,74,298451232643,329268485235,279069738827,0,0,0,0
2024-04-02,1025857879224,83315820418,True,realistic,75,298545253993,369327771496,274669033317,0,0,0,0
2024-04-03,1026202180854,303277525301,True,realistic,76,298571916070,239818003872,184534735611,0,0,0,0
2024-04-04,1026558462602,288443977743,True,realistic,77,298689304866,252652026054,186773153939,0,0,0,0
2024-04-05,1026921494521,295130530644,True,realistic,78,298796606348,252847496755,180146860774,0,0,0,0
2024-04-06,1027214422246,234420563800,True,realistic,79,298892366160,258890942141,235010550145,0,0,0,0
2024-04-07,1027525102191,247395848253,True,realistic,80,298986305679,262432583147,218710365112,0,0,0,0
2024-04-08,1027978413889,277074787092,True,realistic,81,299135880377,286003182409,165764564011,0,0,0,0
2024-04-09,1028196324202,77650049427,True,realistic,82,299205152876,326384768721,324956353178,0,0,0,0
2024-04-10,1028426985987,150329763135,True,realistic,83,366282065529,214247768307,297567389016,0,0,0,0
2024-04-11,1028670963404,74804049513,True,realistic,84,299356541107,359958215298,294552157486,0,0,0,0
2024-04-12,1029017921496,213294035636,True,realistic,85,299481604339,339084638891,177157642630,0,0,0,0
2024-04-13,1029298549458,284746360014,True,realistic,86,299526254665,282157072355,162868862424,0,0,0,0
2024-04-14,1029533496900,107087710504,True,realistic,87,299604493176,342751880749,280089412471,0,0,0,0
2024-04-15,1029761453809,128406472296,True,realistic,88,299673537471,343031102897,258650341145,0,0,0,0
2024-04-16,1029973785903,154765421851,True,realistic,89,299731844806,329335442928,246141076318,0,0,0,0
2024-04-17,1030186488254,152210603620,True,realistic,90,299793648139,329473341344,248708895151,0,0,0,0
2024-04-18,1030393068050,178132363164,True,realistic,91,299851370477,318003878660,234405455749,0,0,0,0
2024-04-19,1030589461841,205075746019,True,realistic,92,299908212688,310677400969,214928102165,0,0,0,0
2024-04-20,1030790179313,213952600687,True,realistic,93,299966114930,306997166865,209874296831,0,0,0,0
2024-04-21,1030989125220,210202069039,True,realistic,94,300023632303,307500986786,213262437092,0,0,0,0
2024-04-22,1031236054054,272642307740,True,realistic,95,300085483296,278992987388,179515275630,0,0,0,0
2024-04-23,1031465645907,246736897561,True,realistic,96,300156533624,291205282174,193366932548,0,0,0,0
2024-04-24,1031691951653,126131821680,True,realistic,97,300220645991,310699581826,294639902156,0,0,0,0
2024-04-25,1031919740313,106036015112,True,realistic,98,300286432783,314276056665,311321235753,0,0,0,0
2024-04-26,1032145203580,127582464783,True,realistic,99,300353885223,327319298383,276889555191,0,0,0,0
2024-04-27,1032364561806,127870334130,True,realistic,100,300419015555,331617875684,272457336437,0,0,0,0
2024-04-28,1032574996621,161418957781,True,realistic,101,300481463354,327248838978,243425736508,0,0,0,0
2024-04-29,1032794836512,129817135103,True,realistic,102,300541724927,326936975268,275499001214,0,0,0,0
2024-04-30,1033016003242,66482113072,True,realistic,103,300605299917,338784460944,327144129309,0,0,0,0
2024-05-01,1033233180538,59331112466,True,realistic,104,300666872532,337481940614,335753254926,0,0,0,0
2024-05-02,1033436866329,59033585054,True,realistic,105,300722752149,350472188814,323208340312,0,0,0,0
2024-05-03,1033650367520,62249197287,True,realistic,106,300786896062,339996198264,330618075907,0,0,0,0
2024-05-04,1033875596514,77496070194,True,realistic,107,300849943134,331000775003,324528808183,0,0,0,0
2024-05-05,1034102698560,76995915125,True,realistic,108,300915662194,331280117873,324911003368,0,0,0,0
2024-05-06,1034313056695,100761771408,True,realistic,109,300967910856,338869694412,293713680019,0,0,0,0
2024-05-07,1034524835620,92856649538,True,realistic,110,301031607879,340214558624,300422019579,0,0,0,0
2024-05-08,1034732066362,83976968909,True,realistic,111,301094812162,340386033111,309274252180,0,0,0,0
2024-05-09,1034938051599,83023924820,True,realistic,112,301154053503,342904701580,307855371696,0,0,0,0
2024-05-10,1035143991943,87012432218,True,realistic,113,301213096942,340625152471,306293310312,0,0,0,0
2024-05-11,1035350957194,89061412141,True,realistic,114,301274107623,334962211833,310053225597,0,0,0,0
2024-05-12,1035558899137,87875593716,True,realistic,115,301334013772,336721172605,309628119044,0,0,0,0
2024-05-13,1035770298277,84578791457,True,realistic,116,301398001856,332747757569,317045747395,0,0,0,0
2024-05-14,1035980870138,84906850632,True,realistic,117,301460024754,329705930133,319908064619,0,0,0,0
2024-05-15,1036203541111,90623146768,True,realistic,118,301523376372,325525357819,318531660152,0,0,0,0
2024-05-16,1036419413031,81380269528,True,realistic,119,301588928517,327219987735,326230227251,0,0,0,0
2024-05-17,1036638997390,82019137292,True,realistic,120,301653824172,328946707118,324019328808,0,0,0,0
2024-05-18,1036864933319,79444657862,True,realistic,121,301723933571,337725925491,317970416395,0,0,0,0
2024-05-19,1037177075599,37049955886,True,realistic,122,405925240933,301781593254,292420285526,0,0,0,0
2024-05-20,1037414079663,86370770552,True,realistic,123,301882282994,335246535683,313914490434,0,0,0,0
2024-05-21,1037798263589,170989378876,True,realistic,124,302032485888,344735755710,220040643115,0,0,0,0
2024-05-22,1038184542903,147432352250,True,realistic,125,437446678038,153112534303,300192978312,0,0,0,0
2024-05-23,1038597105858,243217981955,True,realistic,126,302235443625,305539173141,187604507137,0,0,0,0
2024-05-24,1038890076114,132508078966,True,realistic,127,302326981508,328431351868,275623663772,0,0,0,0
2024-05-25,1039189723516,154475436309,True,realistic,128,302408949650,314286995271,268018342286,0,0,0,0
2024-05-26,1039552486124,188873898087,True,realistic,129,302518211786,307588581539,240571794712,0,0,0,0
2024-05-27,1039891755970,178727181585,True,realistic,130,302616604994,310921920358,247626049033,0,0,0,0
2024-05-28,1040195821089,129381947909,True,realistic,131,302696630531,320033388734,288083853915,0,0,0,0
2024-05-29,1040477386048,127614069879,True,realistic,132,302787627169,333935312272,276140376728,0,0,0,0
2024-05-30,1040865147243,216010622436,True,realistic,133,302877965374,291065595713,230910963720,0,0,0,0
2024-05-31,1041119205844,151224442622,True,realistic,134,302959804761,304472484393,282462474068,0,0,0,0
2024-06-01,1041457802253,221813290453,True,realistic,135,303048112168,281945423007,234650976625,0,0,0,0
2024-06-02,1041729449463,144911577876,True,realistic,136,303144345652,318574832291,275098693644,0,0,0,0
2024-06-03,1042042382105,125883820207,True,realistic,137,303238448473,327947324902,284972788523,0,0,0,0
2024-06-04,1042319632236,95739285403,True,realistic,138,303324888102,348296712852,294958745879,0,0,0,0
2024-06-05,1042705218920,153475128882,True,realistic,139,303424040183,317309788513,268496261342,0,0,0,0
2024-06-06,1042940811219,442520599202,True,realistic,140,303543186094,265524167958,31352857965,0,0,0,0
2024-06-07,1043310024081,309704324924,True,realistic,141,303580255984,268020250997,162005192176,0,0,0,0
2024-06-08,1043659028073,292898092059,True,realistic,142,303680240727,269908874927,177171820360,0,0,0,0
2024-06-09,1043983906228,382352005634,True,realistic,143,303771259391,250161706744,107698934459,0,0,0,0
2024-06-10,1044220446554,219326831393,True,realistic,144,303859910108,288122368133,232911336920,0,0,0,0
2024-06-11,1044555934933,345910691497,True,realistic,145,303933752166,254902198169,139809293101,0,0,0,0
2024-06-12,1044785882042,122777996734,True,realistic,146,304026320384,310538653288,307442911636,0,0,0,0
2024-06-13,1044988425054,206422004148,True,realistic,147,304092915134,309901931762,224571574010,0,0,0,0
2024-06-14,1045199140478,172796915719,True,realistic,148,304151616888,312678858485,255571749386,0,0,0,0
2024-06-15,1045400724705,200740695132,True,realistic,149,304211280580,309155743577,231293005416,0,0,0,0
2024-06-16,1045610839241,171830007631,True,realistic,150,304270619605,312488311120,257021900885,0,0,0,0
2024-06-17,1045830597159,124261421122,True,realistic,151,304331524708,316911667471,300325983858,0,0,0,0
2024-06-18,1046051964660,112468469714,True,realistic,152,304400406029,329531146229,299651942688,0,0,0,0
2024-06-19,1046312554353,265917712708,True,realistic,153,304460333988,277103179011,198831328646,0,0,0,0
2024-06-20,1046527087436,95568340744,True,realistic,154,304537014522,329267066987,317154665183,0,0,0,0
2024-06-21,1046706417480,128286133316,True,realistic,155,304574341895,334495329089,279350613180,0,0,0,0
2024-06-22,1046881726114,123073537076,True,realistic,156,304628118474,330884397750,288295672814,0,0,0,0
2024-06-23,1047049246810,123303568396,True,realistic,157,304681309464,315746934829,303317434121,0,0,0,0
2024-06-24,1047235236012,133856748551,True,realistic,158,304732067634,310952395901,297694023926,0,0,0,0
2024-06-25,1047415694250,119993382293,True,realistic,159,304786698679,318371911971,304263701307,0,0,0,0
2024-06-26,1047603151683,126256696625,True,realistic,160,304839803678,313995032844,302511618536,0,0,0,0
2024-06-27,1047798779190,131727374158,True,realistic,161,304896699872,314157394390,297017310770,0,0,0,0
2024-06-28,1047989576742,118862758782,True,realistic,162,304954136950,320923895248,303248785762,0,0,0,0
2024-06-29,1048187539113,113580980352,True,realistic,163,305014429642,317344841824,312247287295,0,0,0,0
2024-06-30,1048399046444,82006968515,True,realistic,164,305074970909,330794324934,330522782086,0,0,0,0
2024-07-01,1048587178712,96113592198,True,realistic,165,305139455580,351325610207,296008520727,0,0,0,0
2024-07-02,1048812440291,145634054992,True,realistic,166,305194044799,324740091749,273244248751,0,0,0,0
2024-07-03,1048994782268,108110344305,True,realistic,167,305257517331,349465209993,286161710639,0,0,0,0
2024-07-04,1049157258873,52449739113,False,realistic,167,360984175483,349497188453,286226155824,0,0,0,0
2024-07-05,1049310525338,52449739113,False,realistic,167,361048361436,349527063281,286285361508,0,0,0,0
2024-07-06,1049459758324,70761140460,True,realistic,168,398743495517,305373958135,274581164212,0,0,0,0
2024-07-07,1049604813775,75494245328,True,realistic,169,392813614280,305416635410,275880318757,0,0,0,0
2024-07-08,1049751260916,73023226204,True,realistic,170,390281687441,305460188735,280986158536,0,0,0,0
2024-07-09,1049900816450,84058008001,True,realistic,171,305528501963,378961330748,281352975738,0,0,0,0
2024-07-10,1050053946781,74829008162,True,realistic,172,388818984006,305547002252,280858952361,0,0,0,0
2024-07-11,1050224922705,92549564240,True,realistic,173,305619444588,366224440848,285831473029,0,0,0,0
2024-07-12,1050392243024,88822893640,True,realistic,174,305667197807,364640754303,291261397274,0,0,0,0
2024-07-13,1050562439169,93629878257,True,realistic,175,305717236161,364870895011,286344429740,0,0,0,0
2024-07-14,1050731425689,91583447878,True,realistic,176,305769619586,372950968257,280427389968,0,0,0,0
2024-07-15,1050907886471,92123650192,True,realistic,177,305826761874,383098129113,269859345292,0,0,0,0
2024-07-16,1051082001150,89576891038,True,realistic,178,305874268599,376610452710,279020388803,0,0,0,0
2024-07-17,1051258633629,95518522383,True,realistic,179,305923605147,369666157157,280150348942,0,0,0,0
2024-07-18,1051429505552,89436054324,True,realistic,180,305973506441,372357585387,283662359400,0,0,0,0
2024-07-19,1051588218054,78895699086,True,realistic,181,306023323302,383108500470,283560695196,0,0,0,0
2024-07-20,1051746273888,82167857835,True,realistic,182,306068008194,378117748514,285392659345,0,0,0,0
2024-07-21,1052021356230,151181663542,True,realistic,183,306114178537,315478340600,279247173551,0,0,0,0
2024-07-22,1052300256727,148696101068,True,realistic,184,306195080883,316616109388,280792965388,0,0,0,0
2024-07-23,1052504512420,102745401535,True,realistic,185,306278269501,353539422187,289941419197,0,0,0,0
2024-07-24,1052764879156,146599203733,True,realistic,186,306334362860,319949818472,279881494091,0,0,0,0
2024-07-25,1052944387980,94723778311,True,realistic,187,306407121741,356467352989,295346134939,0,0,0,0
2024-07-26,1053155074165,114117982179,True,realistic,188,306460543028,338626351519,293950197439,0,0,0,0
2024-07-27,1053333879366,68281923813,True,realistic,189,306523290843,370264037169,308264627541,0,0,0,0
2024-07-28,1053508968741,73982088559,True,realistic,190,306571385550,360212413438,312743081194,0,0,0,0
2024-07-29,1053686742678,60966325882,True,realistic,191,306623688948,364113124004,321983603844,0,0,0,0
2024-07-30,1053864329787,59606546841,True,realistic,192,368611777839,306666105340,318979899767,0,0,0,0
2024-07-31,1054040920224,60950120727,True,realistic,193,370850954989,306716614195,315523230313,0,0,0,0
2024-08-01,1054332887303,150713935471,True,realistic,194,306779353723,316109362839,280730235270,0,0,0,0
2024-08-02,1054794077791,178863425118,True,realistic,195,306863238196,297105427034,271961987443,0,0,0,0
2024-08-03,1054961848367,122230989423,True,realistic,196,306991749106,343979052299,281760057539,0,0,0,0
2024-08-04,1055147597612,161983541471,True,realistic,197,307034521998,318671894128,267457640015,0,0,0,0
2024-08-05,1055266396478,157474473808,True,realistic,198,307068729217,309119798255,281603395198,0,0,0,0
2024-08-06,1055389995665,149576914327,True,realistic,199,307105237067,312639364046,286068480225,0,0,0,0
2024-08-07,1055517080272,52769499783,False,realistic,199,399965477762,316655860182,286126242545,0,0,0,0
2024-08-08,1055649514896,52769499783,False,realistic,199,400000324069,316697242331,286182448713,0,0,0,0
2024-08-09,1055781944519,101318490981,True,realistic,200,307220520096,334010733020,313232200422,0,0,0,0
2024-08-10,1055915059820,99706509471,True,realistic,201,307260070523,331061461765,317887018061,0,0,0,0
2024-08-11,1056047508347,96339814567,True,realistic,202,307298894730,332792861297,319615937753,0,0,0,0
2024-08-12,1056182926218,98041743933,True,realistic,203,307337861687,330933477985,319869842613,0,0,0,0
2024-08-13,1056317640109,93974926974,True,realistic,204,307376935062,335552715395,319413062678,0,0,0,0
2024-08-14,1056453227547,92362136804,True,realistic,205,307417403578,332285719949,324387967216,0,0,0,0
2024-08-15,1056592108970,93681977935,True,realistic,206,307456947468,332573972046,322879211521,0,0,0,0
2024-08-16,1056728096752,95913580662,True,realistic,207,307496860355,329022307924,324295347811,0,0,0,0
2024-08-17,1056861882514,84788823031,True,realistic,208,307536941966,336642688914,327893428603,0,0,0,0
2024-08-18,1056998844750,79976262934,True,realistic,209,307576045822,343593529989,325853006005,0,0,0,0
2024-08-19,1057133584048,74912017946,True,realistic,210,307616242703,345223417230,329381906169,0,0,0,0
2024-08-20,1057266505774,72172470103,True,realistic,211,307656214138,342833903799,334603917734,0,0,0,0
2024-08-21,1057399093094,73835352095,True,realistic,212,307694982468,340198214918,335670543613,0,0,0,0
2024-08-22,1057537987408,80083890051,True,realistic,213,307735508145,336962212146,332756377066,0,0,0,0
2024-08-23,1057684419753,83478869451,True,realistic,214,307777701222,336267598595,330160250485,0,0,0,0
2024-08-24,1057827774616,81797964062,True,realistic,215,307821161012,341813587681,326395061861,0,0,0,0
2024-08-25,1057979186799,81174290533,True,realistic,216,307862291665,335622681024,333319923577,0,0,0,0
2024-08-26,1058128036394,76992059684,True,realistic,217,307910153217,347660066523,325565756970,0,0,0,0
2024-08-27,1058274208941,83458764074,True,realistic,218,307950605574,337653468813,329211370480,0,0,0,0
2024-08-28,1058417917221,87492539727,True,realistic,219,307992302948,336216846340,326716228206,0,0,0,0
2024-08-29,1058561389285,88735094936,True,realistic,220,308032523458,332313305773,329480465118,0,0,0,0
2024-08-30,1058699931064,86523922036,True,realistic,221,308075291028,337861352432,326239365568,0,0,0,0
2024-08-31,1058839945057,93669424129,True,realistic,222,308114513849,331691219365,325364787714,0,0,0,0
2024-09-01,1058975278559,93893622343,True,realistic,223,308153573921,328556826645,328371255650,0,0,0,0
2024-09-02,1059110145637,91747250031,True,realistic,224,308193466518,330578359718,328591069370,0,0,0,0
2024-09-03,1059240045241,91017483366,True,realistic,225,308232210239,333267079885,326723271751,0,0,0,0
2024-09-04,1059363376308,122597156837,True,realistic,226,308267228028,328109651242,300389340201,0,0,0,0
2024-09-05,1059486836051,109897799379,True,realistic,227,308304472014,333447424056,307837140602,0,0,0,0
2024-09-06,1059581101247,52974341802,False,realistic,227,365259949573,333478210845,307868599027,0,0,0,0
2024-09-07,1059680823776,52974341802,False,realistic,227,365294574214,333509822752,307902085008,0,0,0,0
2024-09-08,1059782528417,42972179678,False,realistic,227,365328501573,333541803145,317940044021,0,0,0,0
2024-09-09,1059886928978,42972179678,False,realistic,227,365364333793,333573786605,317976628902,0,0,0,0
2024-09-10,1059977948321,42972179678,False,realistic,227,365386756152,333606230082,318012782409,0,0,0,0
2024-09-11,1060070122096,42972179678,False,realistic,227,365409380099,333638402518,318050159801,0,0,0,0
2024-09-12,1060177866516,123372525788,True,realistic,228,308500013050,328188172053,300117155625,0,0,0,0
2024-09-13,1060287072178,119885778426,True,realistic,229,308531960335,330661741819,301207591598,0,0,0,0
2024-09-14,1060391423159,100556124410,True,realistic,230,308564248459,343601536602,307669513688,0,0,0,0
2024-09-15,1060495599999,106398757011,True,realistic,231,308594616632,336634174794,308868051562,0,0,0,0
2024-09-16,1060600383097,101212261890,True,realistic,232,308625864168,338364835848,312397421191,0,0,0,0
2024-09-17,1060705506397,101540474183,True,realistic,233,308656527304,337867955998,312640548912,0,0,0,0
2024-09-18,1060808153425,94018776276,True,realistic,234,308687458610,340871633011,317230285528,0,0,0,0
2024-09-19,1060918253521,101813603671,True,realistic,235,308720206555,334466327038,315918116257,0,0,0,0
2024-09-20,1061046954962,106027208971,True,realistic,236,308753939938,331499334690,314766471363,0,0,0,0
2024-09-21,1061175065814,100775264013,True,realistic,237,308792410416,332634082225,318973309160,0,0,0,0
2024-09-22,1061300463456,106689643274,True,realistic,238,308830709263,327333733211,318446377708,0,0,0,0
2024-09-23,1061446698825,116254910086,True,realistic,239,308868641801,319092916413,317230230525,0,0,0,0
2024-09-24,1061592969853,113086270153,True,realistic,240,308911708206,320942507814,318652483680,0,0,0,0
2024-09-25,1061747541467,102591032349,True,realistic,241,308954361944,337348114842,312854032332,0,0,0,0
2024-09-26,1061904806123,112056468127,True,realistic,242,309001209046,321994625007,318852503943,0,0,0,0
2024-09-27,1062073187999,96502059670,True,realistic,243,309045961962,349601484285,306923682082,0,0,0,0
2024-09-28,1062265087355,81818723679,True,realistic,244,309096151558,374925269750,296424942368,0,0,0,0
2024-09-29,1062427794769,103334657252,True,realistic,245,309152000207,330163065376,319778071934,0,0,0,0
2024-09-30,1062601497692,105965564345,True,realistic,246,309203418849,324123670909,323308843589,0,0,0,0
2024-10-01,1062757161544,88023128028,True,realistic,247,309253803003,339157617231,326322613282,0,0,0,0
2024-10-02,1062902932883,125448816178,True,realistic,248,309298174547,344296840100,283859102058,0,0,0,0
2024-10-03,1063050050897,128017245321,True,realistic,249,309338988843,336797215722,288896601011,0,0,0,0
2024-10-04,1063201714009,116127613078,True,realistic,250,309381804924,334403258826,303289037181,0,0,0,0
2024-10-05,1063339135969,105511100312,True,realistic,251,309425774244,346888525129,301513736284,0,0,0,0
2024-10-06,1063489230730,93229040458,True,realistic,252,309466192318,337829505294,322964492660,0,0,0,0
2024-10-07,1063664830755,81966959233,True,realistic,253,309510637854,351405350007,320781883661,0,0,0,0
2024-10-08,1063802262571,118641445422,True,realistic,254,309559877646,345124724906,290476214597,0,0,0,0
2024-10-09,1063972671824,78121854906,True,realistic,255,309600807561,354772935941,321477073416,0,0,0,0
2024-10-10,1064147714761,123706509030,True,realistic,256,392584801717,237076105030,310780298984,0,0,0,0
2024-10-11,1064336235533,80527606156,True,realistic,257,309703126949,358445810987,315659691441,0,0,0,0
2024-10-12,1064486263974,109775015571,True,realistic,258,309757992896,346627449841,298325805666,0,0,0,0
2024-10-13,1064673429998,79236678259,True,realistic,259,309802165472,356393962687,319240623580,0,0,0,0
2024-10-14,1064858755208,68534172378,True,realistic,260,309868266091,354138754891,332317561848,0,0,0,0
2024-10-15,1065026471920,163273198887,True,realistic,261,294320690284,230994505528,127700893719,0,248737183502,0,0
2024-10-16,1065189403184,35348495049,False,realistic,261,319546632674,263009181413,127726468884,0,319558625164,0,0
2024-10-17,1065351512159,33508488181,False,realistic,261,319595430422,264886525902,127752889016,0,319608178638,0,0
2024-10-18,1065512879793,223870594868,True,realistic,262,309082160628,217185814915,84403624635,0,230970684747,0,0
2024-10-19,1065696141570,53275643989,False,realistic,262,362062287993,246228979065,84423696510,0,319705534013,0,0
2024-10-20,1065858501032,3975136555,False,realistic,262,362110596029,295567389773,84443981326,0,319761397349,0,0
2024-10-21,1066058844762,2,True,realistic,263,311657327297,258677677086,248887263437,0,246836576940,0,0
2024-10-22,1066218273053,210481152240,True,realistic,264,299771870327,277191159836,38290207185,0,240483883465,0,0
2024-10-23,1066453165647,53310913652,False,realistic,264,377617713468,277240826416,38300361957,0,319983350154,0,0
2024-10-24,1066619874201,46351240068,False,realistic,264,377687133053,284234526196,38309008394,0,320037966490,0,0
2024-10-25,1066781220574,35695448462,False,realistic,264,377732248557,284282729256,48976886927,0,320093907372,0,0
2024-10-26,1066926072236,201418880354,True,realistic,265,318400084706,270084815338,39281242468,0,237741049370,0,0
2024-10-27,1067144182315,53346303611,False,realistic,265,384228292247,270145565922,39291391019,0,320132629516,0,0
2024-10-28,1067569031945,108718551213,True,realistic,266,310590089631,241269884742,205509375129,0,201481131230,0,0
2024-10-29,1067796659385,3,True,realistic,267,290522497631,283486876148,261159618796,0,232627666807,0,0
2024-10-30,1067965556885,3,False,realistic,267,290581636868,283531612707,261183659791,0,232668647516,0,0
2024-10-31,1068139279934,3,False,realistic,267,290632190111,283591037825,261209348813,0,232706703182,0,0
2024-11-01,1068295799618,3,False,realistic,267,290670012108,283648377601,261230030868,0,232747379038,0,0
2024-11-02,1068444079694,3,False,realistic,267,290717873115,283678607523,261261450041,0,232786149012,0,0
2024-11-03,1068626800340,3,False,realistic,267,290758812563,283709073828,261291513002,0,232867400944,0,0
2024-11-04,1068784038902,90996633251,True,realistic,268,293111734768,249778855609,195648811747,0,239248003527,0,0
2024-11-05,1068968307586,125287360261,True,realistic,269,315298074896,255876432117,129799985797,0,242706454515,0,0
2024-11-06,1069143018657,35608637239,False,realistic,269,320728887273,262232141356,129825839109,0,320747513680,0,0
2024-11-07,1069363048867,35594618915,False,realistic,269,320813469036,262298741135,129851235177,0,320804984604,0,0
2024-11-08,1069555685650,186044841866,True,realistic,270,286390706133,284362099108,81368989918,0,231389048625,0,0
2024-11-09,1069740270171,199780739497,True,realistic,271,299818847060,277345596995,46596717395,0,246198369224,0,0
2024-11-10,1070086437504,73953028146,True,realistic,272,311379790047,254391744716,213221643449,0,217140231146,0,0
2024-11-11,1070234213013,215333701896,True,realistic,273,313348708945,310099864097,32878123778,0,198573814297,0,0
2024-11-12,1070657038784,97687185298,True,realistic,274,311509488121,227547978131,221586135518,0,212326251716,0,0
2024-11-13,1070814564753,210528052471,True,realistic,275,296778330542,295522333775,40171415235,0,227814432730,0,0
2024-11-14,1071158747622,2,True,realistic,276,288626217210,287358362930,268030719171,0,227143448309,0,0
2024-11-15,1071384476258,163899006598,True,realistic,277,291593199956,279922062711,96247658300,0,239722548693,0,0
2024-11-16,1071536359230,33710569247,True,realistic,278,311810637004,265570991160,242876111867,0,217568049952,0,0
2024-11-17,1071711609394,201607167459,True,realistic,279,314392958481,282852129911,44129649604,0,228729703939,0,0
2024-11-18,1072133448565,153369521805,True,realistic,280,311966081808,229437529371,171516136568,0,205844179013,0,0
2024-11-19,1072457369439,19076073774,True,realistic,281,296137139985,272437700277,251642450181,0,233164005222,0,0
2024-11-20,1072668302116,181733989424,True,realistic,282,281136608658,274807175179,80790926794,0,254199602061,0,0
2024-11-21,1072942074871,20125351618,True,realistic,283,312206425141,295137367000,230320839982,0,215152091130,0,0
2024-11-22,1073231139736,29681582814,True,realistic,284,312293635958,281900821721,237904305168,0,211450794075,0,0
2024-11-23,1073630321816,182751699718,True,realistic,285,312380167821,212709160598,160279975473,0,205509318206,0,0
2024-11-24,1073824865886,2,True,realistic,286,300404421266,258748178488,258192532586,0,256479733544,0,0
2024-11-25,1074045921729,186536373459,True,realistic,287,312554179370,262117662755,81085343543,0,231752362602,0,0
2024-11-26,1074239588833,224617420543,True,realistic,288,286127843092,280345126896,42667589100,0,240481609202,0,0
2024-11-27,1074592642518,50561893800,True,realistic,289,312680458138,269574254416,228984331668,0,212791704496,0,0
2024-11-28,1074861934046,159963000473,True,realistic,290,290502525471,288571622421,125418550858,0,210406234823,0,0
2024-11-29,1075074481799,167611361702,True,realistic,291,306362932355,283794422968,87520844432,0,229784920342,0,0
2024-11-30,1075384207241,12303885602,True,realistic,292,315222959833,251538076544,263472995614,0,232846289648,0,0
2024-12-01,1075612965962,216550318919,True,realistic,293,303408177722,303306235041,39342983581,0,213005250699,0,0
2024-12-02,1075893505637,53780648298,False,realistic,293,337194243455,322772826772,39350593484,0,322795193628,0,0
2024-12-03,1076399648505,50654298320,True,realistic,294,280781637880,225689670269,263992561938,0,255281480098,0,0
2024-12-04,1076721701189,18000230277,True,realistic,295,304628436318,270177822580,256475955763,0,227439256251,0,0
2024-12-05,1077153115375,227065658015,True,realistic,296,313522423242,287849263389,26903478487,0,221812292242,0,0
2024-12-06,1077472019227,53857655768,False,realistic,296,385470166890,287986484681,26918463355,0,323239248533,0,0
2024-12-07,1077884066588,53855298533,False,realistic,296,385611048315,288112251929,26930757349,0,323374710462,0,0
2024-12-08,1078251992106,31805757811,False,realistic,296,385731908325,297953995843,39256801356,0,323503528771,0,0
2024-12-09,1078590245171,1,False,realistic,296,385859675414,315517383745,53613669755,0,323599516256,0,0
2024-12-10,1078814707718,231805501076,True,realistic,297,313941048476,266330437234,33116966321,0,233620754611,0,0
2024-12-11,1079100663516,53940735385,False,realistic,297,344554062490,323749042563,33125957804,0,323730865274,0,0
2024-12-12,1079348472128,53940735385,False,realistic,297,344640437001,323818227289,33134125848,0,323814946605,0,0
2024-12-13,1079782128498,44615911233,False,realistic,297,344762052585,323937729522,42470152183,0,323996282975,0,0
2024-12-14,1080032057111,218358039803,True,realistic,298,318574255759,263711687207,37075935953,0,242312138389,0,0
2024-12-15,1080447713133,54001602855,False,realistic,298,341057366890,324123775041,37093346406,0,324171621941,0,0
2024-12-16,1080849360574,78735222621,True,realistic,299,314496510463,238908761641,226025755505,0,222683110344,0,0
2024-12-17,1081218932829,15089729494,True,realistic,300,314617730514,274584972510,244215155829,0,232711344482,0,0
2024-12-18,1081600040129,18771768836,True,realistic,301,314731772104,295951201140,245606385604,0,206538912445,0,0
2024-12-19,1081832655152,2,False,realistic,301,321657883489,302506674226,245635252765,0,212032844670,0,0
2024-12-20,1082148282011,80242810972,True,realistic,302,314877041560,236382577488,228448777156,0,222197074835,0,0
2024-12-21,1082366630747,177393402921,True,realistic,303,294893995604,283874646366,83154182244,0,243050403612,0,0
2024-12-22,1082612775897,25082480831,False,realistic,303,324774575375,324787741698,83176144060,0,324791833933,0,0
2024-12-23,1082867639402,25073223437,False,realistic,303,324841048112,324884644122,83194579539,0,324874144192,0,0
2024-12-24,1083118069142,0,False,realistic,303,324917698638,324984156733,108263654752,0,324952559019,0,0
2024-12-25,1083376633684,0,False,realistic,303,324975560693,325097945706,108278900647,0,325024226638,0,0
2024-12-26,1083601508073,0,False,realistic,303,325032631743,325178552182,108297174565,0,325093149583,0,0
2024-12-27,1083850899202,0,False,realistic,303,325089000415,325278956628,108315332885,0,325167609274,0,0
2024-12-28,1084094943547,0,False,realistic,303,325145289798,325370658558,108333612952,0,325245382239,0,0
2024-12-29,1084364062937,0,False,realistic,303,325203014222,325483958861,108351688341,0,325325401513,0,0
2024-12-30,1084606940333,0,False,realistic,303,325265471020,325568227995,108375822566,0,325397418752,0,0
2024-12-31,1084848147052,0,False,realistic,303,325327672471,325648415895,108400199703,0,325471858983,0,0
2025-01-01,1085097431359,0,False,realistic,303,325393094528,325731300108,108426898820,0,325546137903,0,0
2025-01-02,1085365295714,0,False,realistic,303,325463432925,325821612457,108455535403,0,325624714929,0,0
2025-01-03,1085633585189,0,False,realistic,303,325533162350,325910521587,108481594445,0,325708306807,0,0
2025-01-04,1085869024262,0,False,realistic,303,325601122971,325967310379,108508046121,0,325792544791,0,0
2025-01-05,1086123238231,0,False,realistic,303,325670614279,326043577799,108536258212,0,325872787941,0,0
2025-01-06,1086373347127,0,False,realistic,303,325740209643,326121202968,108563347672,0,325948586844,0,0
2025-01-07,1086628985284,0,False,realistic,303,325807588782,326195898125,108597344358,0,326028154019,0,0
2025-01-08,1086862857895,0,False,realistic,303,325878641615,326262567204,108625163129,0,326096485947,0,0
2025-01-09,1087104268335,0,False,realistic,303,325945245852,326338456771,108646084633,0,326174481079,0,0
2025-01-10,1087345891313,0,False,realistic,303,326007309398,326415436883,108658854268,0,326264290764,0,0
2025-01-11,1087540390624,0,False,realistic,303,326062685982,326453175873,108671833791,0,326352694978,0,0
2025-01-12,1087760299892,0,False,realistic,303,326118518633,326519092582,108685499646,0,326437189031,0,0
2025-01-13,1087954099270,0,False,realistic,303,326177488008,326575897958,108704497275,0,326496216029,0,0
2025-01-14,1088193710623,0,False,realistic,303,326237987229,326674944401,108723915174,0,326556863819,0,0
2025-01-15,1088419501600,0,False,realistic,303,326300553418,326757910886,108744230163,0,326616807133,0,0
2025-01-16,1088631191318,0,False,realistic,303,326367154489,326824784354,108764370190,0,326674882285,0,0
2025-01-17,1088850616162,0,False,realistic,303,326437792859,326896596265,108785944273,0,326730282765,0,0
2025-01-18,1089071722161,291182535496,True,realistic,304,316926192425,243685413788,34778934973,0,202498645479,0,0
2025-01-19,1089315934830,41361829930,True,realistic,305,316993587578,250618353853,247838346640,0,232503816829,0,0
2025-01-20,1089649409790,14881071118,True,realistic,306,317067362247,268990292500,252884594420,0,235826089505,0,0
2025-01-21,1089854008877,268092740187,True,realistic,307,317157563856,250620096762,45668467583,0,208315140489,0,0
2025-01-22,1090064059908,54492700443,False,realistic,307,335853479269,327002155685,45695205532,0,327020518979,0,0
2025-01-23,1090244323512,54475638156,False,realistic,307,335919269745,327057564335,45707361708,0,327084489568,0,0
2025-01-24,1090493847682,57370276293,True,realistic,308,317320986605,244036170509,237456398708,0,234310015567,0,0
2025-01-25,1090700275813,180614051535,True,realistic,309,290976025527,272013521146,90151794526,0,256944883079,0,0
2025-01-26,1090959756324,45409411796,True,realistic,310,317451954626,263257584720,260161519782,0,204679285400,0,0
2025-01-27,1091137020282,261901526302,True,realistic,311,317527303340,254052605771,48457170194,0,209198414675,0,0
2025-01-28,1091323754053,54556851014,False,realistic,311,333493223895,327395722723,48475597194,0,327402359227,0,0
2025-01-29,1091530651138,54555447522,False,realistic,311,333544298610,327472113611,48488081320,0,327470710075,0,0
2025-01-30,1091776358659,21386554292,True,realistic,312,317695726697,278579196817,265522940418,0,208591940435,0,0
2025-01-31,1092002866103,2,True,realistic,313,310072350374,285935608378,266299145932,0,229695761417,0,0
2025-02-01,1092244052750,26202060971,True,realistic,314,317822197650,271718134955,243895485536,0,232606173638,0,0
2025-02-02,1092458938873,3,True,realistic,315,300582638240,298078977983,252637267031,0,241160055616,0,0
2025-02-03,1092564631879,338462005385,True,realistic,316,317954499956,249048895752,8865908453,0,178233322333,0,0
2025-02-04,1092695498231,54628231593,False,realistic,316,373585235196,327804142098,8868269456,0,327809619888,0,0
2025-02-05,1092826191838,54623724222,False,realistic,316,373637946537,327844124651,8870631088,0,327849765340,0,0
2025-02-06,1092966519154,27666972410,False,realistic,316,373683499656,327889175363,35838303345,0,327888568380,0,0
2025-02-07,1093080278131,237141115212,True,realistic,317,318091597739,262424972309,46894742907,0,228527849964,0,0
2025-02-08,1093195093245,268643841817,True,realistic,318,318126099943,256520887777,35806127559,0,214098136149,0,0
2025-02-09,1093329073649,54659754662,False,realistic,318,346852917383,327994917891,35815603920,0,328005879793,0,0
2025-02-10,1093492997289,54655950459,False,realistic,318,346894919845,328042575073,35828340537,0,328071211375,0,0
2025-02-11,1093641795518,52188566883,False,realistic,318,346930654773,328097061432,38302978134,0,328122534296,0,0
2025-02-12,1093785819498,0,False,realistic,318,346968104273,328133646501,90512990273,0,328171078451,0,0
2025-02-13,1093969951326,63844140442,True,realistic,319,318327775597,257228884013,250289613754,0,204279537520,0,0
2025-02-14,1094075572273,345309381058,True,realistic,320,318384067790,237683654344,8736559440,0,183961909641,0,0
2025-02-15,1094204768283,54703778613,False,realistic,320,374232845807,328259450605,8738991315,0,328269701943,0,0
2025-02-16,1094294348761,69012160312,True,realistic,321,318449703521,254483197185,245800764790,0,206548522953,0,0
2025-02-17,1094476449319,17542307778,True,realistic,322,318476995810,266419626974,249371505175,0,242666013582,0,0
2025-02-18,1094666448738,2,True,realistic,323,324474284221,281681244409,247439784213,0,241071135893,0,0
2025-02-19,1094789273397,295861591754,True,realistic,324,318587558708,244982917892,32203699382,0,203153505661,0,0
2025-02-20,1094930398527,54739463669,False,realistic,324,351018701601,328473314987,32212195864,0,328486722406,0,0
2025-02-21,1095091091688,54733659098,False,realistic,324,351065632320,328520426932,32223633399,0,328547739939,0,0
2025-02-22,1095234959621,49944091923,False,realistic,324,351113723502,328563150485,37017016618,0,328596977093,0,0
2025-02-23,1095376452957,48107771140,False,realistic,324,351162013663,328605505398,38856291529,0,328644871227,0,0
2025-02-24,1095528160669,37110932180,False,realistic,324,351210791509,328649038294,49857963407,0,328699435279,0,0
2025-02-25,1095710155123,13836918388,True,realistic,325,318841667071,281500485822,267953146707,0,213577937135,0,0
2025-02-26,1095851849560,279358571761,True,realistic,326,318900662201,254730892028,31416062798,0,211445660772,0,0
2025-02-27,1096025392755,54792592478,False,realistic,326,352187750359,328792213364,31426666795,0,328826169759,0,0
2025-02-28,1096165931196,54777188016,False,realistic,326,352231363746,328842120104,31433864793,0,328881394537,0,0
2025-03-01,1096295017672,42642093555,False,realistic,326,352271797976,328881312898,43572375311,0,328927437932,0,0
2025-03-02,1096404142330,222886815924,True,realistic,327,327460978121,280297624737,37874206831,0,227884516717,0,0
2025-03-03,1096543322904,54820207116,False,realistic,327,345907420440,328954224938,37883815465,0,328977654945,0,0
2025-03-04,1096661425144,54811435183,False,realistic,327,345940684413,328996073424,37893125542,0,329020106582,0,0
2025-03-05,1096789169676,0,False,realistic,327,345975752372,329031687931,92723312231,0,329058417142,0,0
2025-03-06,1096919528960,0,False,realistic,327,346011487401,329064771391,92744194028,0,329099076140,0,0
2025-03-07,1097052339958,0,False,realistic,327,346048174098,329097497558,92761878948,0,329144789354,0,0
2025-03-08,1097180038663,0,False,realistic,327,346083158146,329130407307,92780202595,0,329186270615,0,0
2025-03-09,1097308109754,0,False,realistic,327,346118145731,329162598966,92797894381,0,329229470676,0,0
2025-03-10,1097432601746,0,False,realistic,327,346149723085,329194793773,92816581080,0,329271503808,0,0
2025-03-11,1097554036680,0,False,realistic,327,346178837595,329228885726,92835296971,0,329311016388,0,0
2025-03-12,1097671976733,0,False,realistic,327,346207385493,329262710611,92854143808,0,329347736821,0,0
2025-03-13,1097788848788,0,False,realistic,327,346235271786,329293562075,92872485681,0,329387529246,0,0
2025-03-14,1097903276821,0,False,realistic,327,346264298633,329323514256,92891747180,0,329423716752,0,0
2025-03-15,1097998534146,275526908357,True,realistic,328,319516813245,246111995907,31923278109,0,224919538528,0,0
2025-03-16,1098102511482,54899926707,False,realistic,328,352403240443,329430063544,31933712210,0,329435568578,0,0
2025-03-17,1098205501178,54899236807,False,realistic,328,352430177567,329462162184,31941892489,0,329472032131,0,0
2025-03-18,1098320362419,0,False,realistic,328,352457889200,329493483655,86862565969,0,329506423595,0,0
2025-03-19,1098419405446,0,False,realistic,328,352479905747,329523905382,86878296422,0,329537297895,0,0
2025-03-20,1098524872798,0,False,realistic,328,352503855066,329554871601,86895172233,0,329570973898,0,0
2025-03-21,1098629853458,0,False,realistic,328,352529158082,329585660152,86913813032,0,329601222192,0,0
2025-03-22,1098735348699,0,False,realistic,328,352555332164,329616090389,86932362582,0,329631563564,0,0
2025-03-23,1098840212728,0,False,realistic,328,352581025237,329647336188,86949582334,0,329662268969,0,0
2025-03-24,1098942981387,0,False,realistic,328,352606913378,329679849349,86967305755,0,329688912905,0,0
2025-03-25,1099199757908,77994614787,True,realistic,329,319815975845,242498966404,230135368420,0,228754832452,0,0
2025-03-26,1099335529137,15422325559,True,realistic,330,319890528049,264412229421,252355579623,0,247254866485,0,0
2025-03-27,1099440273145,130376055070,True,realistic,331,324173188342,265130852168,126839076577,0,252921100988,0,0
2025-03-28,1099562151477,1,False,realistic,331,329858016684,326676344420,126866181913,0,316161608459,0,0
2025-03-29,1099675674459,1,False,realistic,331,329880971187,326710623061,126889469677,0,316194610533,0,0
2025-03-30,1099790167899,1,False,realistic,331,329904017665,326744278730,126913908936,0,316227962567,0,0
2025-03-31,1099900635318,1,False,realistic,331,329926161907,326777937866,126938596299,0,316257939245,0,0
2025-04-01,1100011370406,1,False,realistic,331,329948307635,326811869054,126964401350,0,316286792366,0,0
2025-04-02,1100130597849,1,False,realistic,331,329969550882,326850459715,126989133319,0,316321453932,0,0
2025-04-03,1100245876506,1,False,realistic,331,329991337912,326886368491,127014044064,0,316354126038,0,0
2025-04-04,1100361191308,1,False,realistic,331,330013397606,326920310938,127040421227,0,316387061536,0,0
2025-04-05,1100478960408,1,False,realistic,331,330035458775,326954525611,127068022063,0,316420953958,0,0
2025-04-06,1100595026790,1,False,realistic,331,330056526791,326988027252,127094062304,0,316456410442,0,0
2025-04-07,1100681438236,189750620994,True,realistic,332,320291842707,263889980243,84327573921,0,242421420371,0,0
2025-04-08,1100785075199,25740569905,False,realistic,332,330223610467,330237270979,84345086332,0,330238537516,0,0
2025-04-09,1100881964114,25728657813,False,realistic,332,330254341460,330269028042,84363804008,0,330266132791,0,0
2025-04-10,1100986773351,0,False,realistic,332,330283681241,330301240582,110106582931,0,330295268597,0,0
2025-04-11,1101078898057,190269784408,True,realistic,333,320406725382,266078730161,82805207279,0,241518450827,0,0
2025-04-12,1101185927370,27302682527,False,realistic,333,330344122334,330355796787,82826895437,0,330356430285,0,0
2025-04-13,1101292744586,27291026650,False,realistic,333,330376233116,330386931689,82848634660,0,330389918471,0,0
2025-04-14,1101386131376,174826846824,True,realistic,334,320497085476,262405423836,97445744045,0,246211031195,0,0
2025-04-15,1101489330209,17442282439,False,realistic,334,330436388561,330447161023,97470572686,0,325692925500,0,0
2025-04-16,1101575966273,194524384286,True,realistic,335,320553944354,259229866145,80928935424,0,246338836064,0,0
2025-04-17,1101674105841,29228661206,False,realistic,335,330493704734,330501581756,80948757470,0,330501400675,0,0
2025-04-18,1101774367296,29218653115,False,realistic,335,330524235051,330532112775,80966166997,0,330533199358,0,0
2025-04-19,1101878779171,0,False,realistic,335,330554224932,330562284487,110199911027,0,330562358725,0,0
2025-04-20,1101982206374,0,False,realistic,335,330576593943,330592352070,110222011392,0,330591248969,0,0
2025-04-21,1102088059581,0,False,realistic,335,330599055037,330622784681,110242002343,0,330624217520,0,0
2025-04-22,1102193893580,0,False,realistic,335,330622876283,330653944746,110261513667,0,330655558884,0,0
2025-04-23,1102300916660,0,False,realistic,335,330646246338,330685379518,110281753451,0,330687537353,0,0
2025-04-24,1102382906005,0,False,realistic,335,330668983929,330716726680,110281753451,0,330715441945,0,0
2025-04-25,1102466170601,0,False,realistic,335,330692719620,330749164101,110281753451,0,330742533429,0,0
2025-04-26,1102551798205,0,False,realistic,335,330716910018,330781514087,110281753451,0,330771620649,0,0
2025-04-27,1102639336230,0,False,realistic,335,330742008260,330814139113,110281753451,0,330801435406,0,0
2025-04-28,1102727878947,0,False,realistic,335,330767380249,330846676722,110281753451,0,330832068525,0,0
2025-04-29,1102816338678,0,False,realistic,335,330794385366,330878945603,110281753451,0,330861254258,0,0
2025-04-30,1102906256807,0,False,realistic,335,330820939545,330911761542,110281753451,0,330891802269,0,0
2025-05-01,1102999174811,0,False,realistic,335,330847314584,330944671396,110281753451,0,330925435380,0,0
2025-05-02,1103092826958,0,False,realistic,335,330873601082,330977765863,110281753451,0,330959706562,0,0
2025-05-03,1103186216079,0,False,realistic,335,330899799019,331011317033,110281753451,0,330993346576,0,0
2025-05-04,1103278163227,0,False,realistic,335,330925636400,331044146100,110281753451,0,331026627276,0,0
2025-05-05,1103367851237,0,False,realistic,335,330952926431,331076797029,110281753451,0,331056374326,0,0
2025-05-06,1103460994272,0,False,realistic,335,330979402665,331109632590,110281753451,0,331090205566,0,0
2025-05-07,1103552423079,0,False,realistic,335,331004792865,331143469273,110281753451,0,331122407490,0,0
2025-05-08,1103647487835,0,False,realistic,335,331033903149,331177218689,110281753451,0,331154612546,0,0
2025-05-09,1103750635393,0,False,realistic,335,331065918208,331210971545,110281753451,0,331191992189,0,0
2025-05-10,1103848439868,0,False,realistic,335,331097845660,331238466592,110281753451,0,331230374165,0,0
2025-05-11,1103937996337,0,False,realistic,335,331129141209,331266054672,110281753451,0,331261047005,0,0
2025-05-12,1104037269949,0,False,realistic,335,331165247893,331295097175,110281753451,0,331295171430,0,0
2025-05-13,1104143088838,0,False,realistic,335,331200995593,331326048305,110281753451,0,331334291489,0,0
2025-05-14,1104245560522,0,False,realistic,335,331236384192,331356639230,110281753451,0,331370783649,0,0
2025-05-15,1104346682180,0,False,realistic,335,331269235581,331384509500,110281753451,0,331411183648,0,0
2025-05-16,1104445635026,0,False,realistic,335,331302362504,331413380807,110281753451,0,331448138264,0,0
2025-05-17,1104539968324,0,False,realistic,335,331331680493,331442073033,110281753451,0,331484461347,0,0
2025-05-18,1104638849773,0,False,realistic,335,331364813661,331471040162,110281753451,0,331521242499,0,0
2025-05-19,1104741555084,0,False,realistic,335,331399675055,331500100636,110281753451,0,331560025942,0,0
2025-05-20,1104841183044,0,False,realistic,335,331433541377,331529617768,110281753451,0,331596270448,0,0
2025-05-21,1104944544042,0,False,realistic,335,331470135272,331561408279,110281753451,0,331631247040,0,0
2025-05-22,1105059180330,0,False,realistic,335,331509820874,331594927774,110281753451,0,331672678231,0,0
2025-05-23,1105175469166,0,False,realistic,335,331542517733,331627814723,110281753451,0,331723383259,0,0
2025-05-24,1105286229803,0,False,realistic,335,331572492809,331660886647,110281753451,0,331771096896,0,0
2025-05-25,1105393186760,0,False,realistic,335,331600653760,331693961869,110281753451,0,331816817680,0,0
2025-05-26,1105499155357,0,False,realistic,335,331629362200,331727040390,110281753451,0,331860999316,0,0
2025-05-27,1105602950566,0,False,realistic,335,331662252564,331760213094,110281753451,0,331898731457,0,0
2025-05-28,1105711394072,0,False,realistic,335,331694964457,331793843581,110281753451,0,331940832583,0,0
2025-05-29,1105826395515,0,False,realistic,335,331730314961,331827386575,110281753451,0,331986940528,0,0
2025-05-30,1105948500843,0,False,realistic,335,331762670027,331874478790,110281753451,0,332029598575,0,0
2025-05-31,1106051706734,0,False,realistic,335,331794755567,331908393633,110281753451,0,332066804083,0,0
2025-06-01,1106148195103,0,False,realistic,335,331823753519,331939129259,110281753451,0,332103558874,0,0
2025-06-02,1106246148520,0,False,realistic,335,331852935827,331969958674,110281753451,0,332141500568,0,0
2025-06-03,1106346476804,0,False,realistic,335,331882757131,332001336656,110281753451,0,332180629566,0,0
2025-06-04,1106448452939,0,False,realistic,335,331912762969,332033445278,110281753451,0,332220491241,0,0
2025-06-05,1106553898442,0,False,realistic,335,331942680585,332065647973,110281753451,0,332263816433,0,0
2025-06-06,1106652710903,0,False,realistic,335,331971418636,332098490630,110281753451,0,332301048186,0,0
2025-06-07,1106753718661,0,False,realistic,335,331999704419,332131427521,110281753451,0,332340833270,0,0
2025-06-08,1106851914473,0,False,realistic,335,332028993160,332162365790,110281753451,0,332378802072,0,0
2025-06-09,1106955398580,0,False,realistic,335,332060649622,332194307979,110281753451,0,332418687528,0,0
2025-06-10,1107070455981,0,False,realistic,335,332093673735,332229893725,110281753451,0,332465135070,0,0
2025-06-11,1107197447071,0,False,realistic,335,332126610148,332282868464,110281753451,0,332506215008,0,0
2025-06-12,1107323546159,0,False,realistic,335,332159458834,332332756412,110281753451,0,332549577462,0,0
2025-06-13,1107434637844,0,False,realistic,335,332192765782,332367628588,110281753451,0,332592490023,0,0
2025-06-14,1107544833571,0,False,realistic,335,332224073812,332402049125,110281753451,0,332636957183,0,0
2025-06-15,1107659687462,0,False,realistic,335,332257023158,332436564296,110281753451,0,332684346557,0,0
2025-06-16,1107771999931,0,False,realistic,335,332292251505,332471083051,110281753451,0,332726911924,0,0
2025-06-17,1107887153601,0,False,realistic,335,332326026963,332504785599,110281753451,0,332774587588,0,0
2025-06-18,1107997763059,0,False,realistic,335,332358986421,332539038146,110281753451,0,332817985041,0,0
2025-06-19,1108110117800,0,False,realistic,335,332391584918,332573476435,110281753451,0,332863302996,0,0
2025-06-20,1108224124746,0,False,realistic,335,332425825804,332607827174,110281753451,0,332908718317,0,0
2025-06-21,1108344616406,0,False,realistic,335,332455607514,332654118893,110281753451,0,332953136548,0,0
2025-06-22,1108455186159,0,False,realistic,335,332486667065,332691576658,110281753451,0,332995188985,0,0
2025-06-23,1108554184007,0,False,realistic,335,332518549348,332725392705,110281753451,0,333028488503,0,0
2025-06-24,1108651550235,0,False,realistic,335,332550343587,332758391771,110281753451,0,333061061426,0,0
2025-06-25,1108750931380,0,False,realistic,335,332583598621,332791211776,110281753451,0,333094367532,0,0
2025-06-26,1108853880223,0,False,realistic,335,332617585931,332824217370,110281753451,0,333130323471,0,0
2025-06-27,1108983100575,0,False,realistic,335,332653308148,332857317422,110306921862,0,333165553143,0,0
2025-06-28,1109109459658,0,False,realistic,335,332686208927,332891241510,110330766289,0,333201242932,0,0
2025-06-29,1109240148067,0,False,realistic,335,332720753604,332924895446,110355371561,0,333239127456,0,0
2025-06-30,1109366619238,0,False,realistic,335,332755210712,332958096723,110376021620,0,333277290183,0,0
2025-07-01,1109512136221,0,False,realistic,335,332789033227,333006717727,110398006104,0,333318379163,0,0
2025-07-02,1109641664953,0,False,realistic,335,332824591507,333039835929,110421325792,0,333355911725,0,0
2025-07-03,1109776595610,0,False,realistic,335,332859515292,333075785982,110444831920,0,333396462416,0,0
2025-07-04,1109914922657,0,False,realistic,335,332894442742,333114842539,110467979946,0,333437657430,0,0
2025-07-05,1110042710130,0,False,realistic,335,332927732186,333148062758,110491072293,0,333475842893,0,0
2025-07-06,1110170120401,0,False,realistic,335,332959839189,333181103743,110514048381,0,333515129088,0,0
2025-07-07,1110304308899,0,False,realistic,335,332992040510,333212687485,110537120080,0,333562460824,0,0
2025-07-08,1110560807646,0,False,realistic,335,333024336176,333373359904,110560166312,0,333602945254,0,0
2025-07-09,1110688244728,0,False,realistic,335,333054901423,333406057893,110584307805,0,333642977607,0,0
2025-07-10,1110827133011,0,False,realistic,335,333091674334,333439489842,110610211800,0,333685757035,0,0
2025-07-11,1110955183433,0,False,realistic,335,333126808661,333472925144,110632667188,0,333722782440,0,0
2025-07-12,1111087930443,0,False,realistic,335,333164775990,333506181074,110656521409,0,333760451970,0,0
2025-07-13,1111219476279,0,False,realistic,335,333202199978,333539623063,110680350457,0,333797302781,0,0
2025-07-14,1111426751548,64355369219,True,realistic,336,305639172399,226691357977,218533390448,139445554111,156761907394,0,0
2025-07-15,1111580390618,86568341766,True,realistic,337,256265791266,227594965683,135681527753,217689394762,187780369388,0,0
2025-07-16,1111730523616,12351308747,True,realistic,338,271227022109,232413639656,222319405183,197937540289,175481607632,0,0
2025-07-17,1111940350530,2,True,realistic,339,251894872159,241675892326,219887477241,215305932956,183176175846,0,0
2025-07-18,1112106341249,2,True,realistic,340,275402060012,265610812759,205021748768,199881277447,166190442261,0,0
2025-07-19,1112268601664,2,True,realistic,341,269573030369,268792250985,204850098966,200486690264,168566531078,0,0
2025-07-20,1112429579588,3,True,realistic,342,274509689221,243572682739,212558988264,210754949651,171033269710,0,0
2025-07-21,1112617772280,12564775404,True,realistic,343,247285022702,246865425290,215152703856,199102062182,191647782846,0,0
2025-07-22,1112788240090,1,False,realistic,343,251407741399,250839772446,215199153261,199128790951,196212782032,0,0
2025-07-23,1112947803835,1,False,realistic,343,251437703691,250871316406,215245494777,199150940619,196242348341,0,0
2025-07-24,1113115039832,3,True,realistic,344,267340626731,249511397418,243530559539,182818799159,169913656982,0,0
2025-07-25,1113248616719,179227692809,True,realistic,345,304294110862,233689644121,47776748339,184147162926,164113257662,0,0
2025-07-26,1113417588936,2,False,realistic,345,334028386948,290969386884,47785387422,220152377131,220482050549,0,0
2025-07-27,1113584408467,3,True,realistic,346,266774740949,251852792544,210211760599,195711052498,189034061874,0,0
2025-07-28,1113709759498,3,True,realistic,347,313460630161,297720656514,242537203807,203623083850,56368185163,0,0
2025-07-29,1113829246197,135767043085,True,realistic,348,312190612756,288871602118,239137240230,81148433101,56714314907,0,0
2025-07-30,1114005220789,2,True,realistic,349,277207438416,240890718949,211169720602,192757354497,191979988323,0,0
2025-07-31,1114171620522,2,True,realistic,350,250170654512,243045232332,224115341733,202266856668,194573535275,0,0
2025-08-01,1114332758322,102941554002,True,realistic,351,270043975235,258239019786,204433761914,89861470145,188812977240,0,0
2025-08-02,1114475671264,106668752624,True,realistic,352,273981051199,237650611678,115157538041,199094873393,181922844329,0,0
2025-08-03,1114622858339,90099007047,True,realistic,353,287953866201,241801776610,213856011454,105210283007,175701914020,0,0
2025-08-04,1114798795059,2,True,realistic,354,268930355847,253329473955,203061258488,199362122329,190115584438,0,0
2025-08-05,1114927178096,109175047173,True,realistic,355,274099615356,238526425121,214006743069,100016330475,179103016902,0,0
2025-08-06,1115094887732,2,True,realistic,356,266211587689,242578462085,205906416032,200532242781,199866179143,0,0
2025-08-07,1115262044311,2,True,realistic,357,261570793383,239158563335,206935749078,206362820788,201234117725,0,0
2025-08-08,1115398361911,125362697146,True,realistic,358,268523976125,250786548088,210201907935,83356286708,177166945909,0,0
2025-08-09,1115549072227,1,False,realistic,358,298309287881,275764133611,246539057325,83366951745,211569641664,0,0
2025-08-10,1115717050584,92086812701,True,realistic,359,297975104943,236144696781,214766576493,100751355321,173992504345,0,0
2025-08-11,1115870581406,110208766120,True,realistic,360,278263745934,239305841592,217576791752,92255779521,178259656487,0,0
2025-08-12,1116028449665,121854985159,True,realistic,361,272945279372,249943527477,216937185707,79854735216,174492736734,0,0
2025-08-13,1116194203570,100497034022,True,realistic,362,283368883405,233791016775,221886487236,97224206730,179426575402,0,0
2025-08-14,1116332289847,129077332278,True,realistic,363,261051876041,231461053664,215623864363,80150656038,198967507463,0,0
2025-08-15,1116440460572,318899715841,True,realistic,364,324897819719,215427014849,6729031045,80619448511,169867430607,0,0
2025-08-16,1116582822246,24295566503,False,realistic,364,334975082894,334966824293,6730196181,80630801496,334984350879,0,0
2025-08-17,1116752635837,2,True,realistic,365,251648970934,235450607210,228539862685,215359933686,185753261320,0,0
2025-08-18,1116922811906,2,True,realistic,366,270677326641,236823247237,222212913641,213602620668,173606703717,0,0
2025-08-19,1117076555795,152175451913,True,realistic,367,260661850714,252388503068,224603730702,48470957295,178776062103,0,0
2025-08-20,1117270757581,3,True,realistic,368,255248595178,231007172133,213705617525,213459681009,203849691733,0,0
2025-08-21,1117460717383,3,True,realistic,369,250934795102,236968182505,217652503998,206454184321,205451051454,0,0
2025-08-22,1117691004193,3,True,realistic,370,284516117554,226629963082,210341425936,205702817973,190500679645,0,0
2025-08-23,1117832491199,111501874977,True,realistic,371,269900070368,234114787806,112781199338,216457911771,173076646939,0,0
2025-08-24,1117997353221,2,False,realistic,371,299385271719,259406721657,112810120763,244309183133,202086055947,0,0
2025-08-25,1118157797750,2,False,realistic,371,299419065344,259445668200,112837473353,244342516276,202113074575,0,0
2025-08-26,1118309955761,2,False,realistic,371,299457210512,259479858163,112854136201,244374113445,202144637438,0,0
2025-08-27,1118471211444,2,False,realistic,371,299497739789,259516256433,112879458814,244404375663,202173380743,0,0
2025-08-28,1118661067232,1,True,realistic,372,244041524128,228052504729,221572249453,218096796671,206897992250,0,0
2025-08-29,1118849597269,1,False,realistic,372,244068468986,228083869758,221603694501,218166946161,206926617862,0,0
2025-08-30,1119015755968,3,True,realistic,373,269612629723,236819873063,217938631298,216910592700,177734029181,0,0
2025-08-31,1119174677993,2,True,realistic,374,280734747484,238981485727,220880061085,199586719609,178991664086,0,0
2025-09-01,1119323600261,2,False,realistic,374,280765897503,239005383875,220910197597,199624613745,179017507539,0,0
2025-09-02,1119480691042,2,False,realistic,374,280794666392,239048928691,220943182818,199650264140,179043648999,0,0
2025-09-03,1119630081819,2,False,realistic,374,280825823060,239079579348,220977807338,199677175901,179069696170,0,0
2025-09-04,1119797918876,2,False,realistic,374,280857290939,239133159374,221015101126,199692548308,179099819127,0,0
2025-09-05,1119944964459,2,False,realistic,374,280888454556,239166244920,221052825073,199709946179,179127493729,0,0
2025-09-06,1120089682025,2,False,realistic,374,280918005560,239200776594,221091282208,199725868259,179153749402,0,0
2025-09-07,1120228489970,2,False,realistic,374,280948483239,239234788978,221123809884,199741791609,179179616258,0,0
2025-09-08,1120373905991,2,False,realistic,374,280979118169,239272214475,221161007149,199757552057,179204014139,0,0
2025-09-09,1120541860141,2,False,realistic,374,281015837905,239306105909,221204694021,199780866226,179234356078,0,0
2025-09-10,1120703168026,2,False,realistic,374,281050868646,239337510737,221254874154,199796684491,179263229996,0,0
2025-09-11,1120961166192,3,True,realistic,375,323311761880,223656008187,211982208844,185545802091,176465385187,0,0
2025-09-12,1121152846289,2,True,realistic,376,290649792376,259805347526,223303483207,173912912133,173481311045,0,0
2025-09-13,1121331091423,3,True,realistic,377,274658738816,272974972481,224451312712,185154884066,164091183345,0,0
2025-09-14,1121502324158,3,True,realistic,378,274675759803,266368964942,223336238591,181468803875,175652556944,0,0
2025-09-15,1121713151270,2,True,realistic,379,281024787109,242567802698,222852674162,210343572822,164924314477,0,0
2025-09-16,1121917514881,26811953998,True,realistic,380,267527957707,243103430165,208421284174,204124393966,171928494871,0,0
2025-09-17,1122101267465,2,True,realistic,381,268452754499,261380726275,224598552778,186295772204,181373461707,0,0
2025-09-18,1122335670972,2,True,realistic,382,316871702667,235837460082,207290767391,181722905690,180612835140,0,0
2025-09-19,1122539207090,3,True,realistic,383,291144942077,251287416374,212488077914,188180320487,179438450235,0,0
2025-09-20,1122719053587,40170545286,True,realistic,384,256719709710,240437537610,198938593351,209906130635,176546536995,0,0
2025-09-21,1122900155100,3,False,realistic,384,266606134836,248065040938,198985521057,220875582099,188367876167,0,0
2025-09-22,1123106881103,3,False,realistic,384,266636812802,248123149324,199029243355,220915944842,188401730777,0,0
2025-09-23,1123390816689,3,False,realistic,384,266667932605,248166519890,199078210001,221040807744,188437346446,0,0
2025-09-24,1123558614489,3,False,realistic,384,266698763801,248190792615,199123370756,221071995693,188473691621,0,0
2025-09-25,1123775013122,3,False,realistic,384,266732740492,248215815686,199170342049,221144676897,188511437995,0,0
2025-09-26,1123951231309,3,False,realistic,384,266765406118,248239821215,199214978032,221183331774,188547694167,0,0
2025-09-27,1124161330402,3,False,realistic,384,266810135002,248292257626,199262407570,221213812655,188582717546,0,0
2025-09-28,1124352320647,1,True,realistic,385,262380186031,253610716961,214494245600,200191310122,193675861932,0,0
2025-09-29,1124492068182,3,True,realistic,386,317539401860,305384047334,252103043942,196708233351,52757341692,0,0
2025-09-30,1124631968682,2,True,realistic,387,313192432318,308347024546,254270740428,196845165481,51976605907,0,0
2025-10-01,1124790528908,2,False,realistic,387,313232160563,308378450598,254325356389,196868571180,51985990176,0,0
2025-10-02,1124954177569,2,False,realistic,387,313271464762,308423059864,254378869231,196885507270,51995276440,0,0
2025-10-03,1125112828581,2,False,realistic,387,313310945549,308453226174,254431347940,196912801534,52004507382,0,0
2025-10-04,1125291773483,2,False,realistic,387,313349744603,308517536558,254483279817,196927529532,52013682971,0,0
2025-10-05,1125457082831,2,True,realistic,388,279389413425,278595496824,231690899346,177504855634,158276417600,0,0
2025-10-06,1125617251108,3,True,realistic,389,280020534561,276072948438,234335797832,176761602542,158426367732,0,0
2025-10-07,1125781665682,2,True,realistic,390,279500093113,250332652425,236505168261,196832146705,162611605176,0,0
2025-10-08,1125967726343,2,False,realistic,390,279538763673,250372088390,236557782561,196861914196,162637177521,0,0
2025-10-09,1126143218951,2,False,realistic,390,279575678106,250411256187,236609695652,196884458930,162662130074,0,0
2025-10-10,1126405095504,3,True,realistic,391,320216132211,180496653210,176352997485,163954974384,161011786269,124372551942,0
2025-10-11,1126545913732,3,False,realistic,391,320242889997,180512972085,176378991433,163986103369,161032607519,124392349326,0
2025-10-12,1126683253841,3,False,realistic,391,320272106677,180529589169,176405424120,164012206362,161053652054,124410275456,0
2025-10-13,1126822713776,3,False,realistic,391,320305362328,180546455084,176435920509,164032112501,161074522842,124428340509,0
2025-10-14,1126963906163,3,False,realistic,391,320334672462,180563668828,176464488626,164056335325,161097514575,124447226344,0
2025-10-15,1127116321684,3,False,realistic,391,320364599619,180580884213,176492722944,164085595783,161120641999,124471877123,0
2025-10-16,1127275519319,3,False,realistic,391,320394002945,180598299136,176521590383,164118997316,161148142864,124494486672,0
2025-10-17,1127432230216,3,False,realistic,391,320421653386,180615468344,176549785475,164149258161,161173882416,124522182431,0
2025-10-18,1127575660713,3,False,realistic,391,320448779493,180632886602,176578033440,164177141048,161199272822,124539547305,0
2025-10-19,1127723233023,3,False,realistic,391,320473976424,180650850913,176606285925,164208087314,161224490571,124559541873,0
2025-10-20,1127872192026,3,False,realistic,391,320500316750,180669163465,176633623610,164237509804,161249138041,124582440353,0
2025-10-21,1128022467733,3,False,realistic,391,320527010475,180687329378,176662030168,164269997333,161272463943,124603636433,0
2025-10-22,1128184204878,3,False,realistic,391,320553267345,180711536529,176692232115,164302581299,161297737326,124626850261,0
2025-10-23,1128352417553,3,False,realistic,391,320581809759,180729904742,176722681269,164347730748,161320495773,124649795259,0
2025-10-24,1128517903630,3,False,realistic,391,320609476408,180748274822,176760591915,164381861043,161343964590,124673734849,0
2025-10-25,1128681582982,3,False,realistic,391,320636354901,180766646769,176799285534,164415773246,161367790452,124695732077,0
2025-10-26,1128847797924,3,False,realistic,391,320662796419,180788883542,176838907949,164447485219,161391752463,124717972329,0
2025-10-27,1129018463973,3,False,realistic,391,320690030793,180812608987,176878442345,164470462812,161415187429,124751731604,0
2025-10-28,1129182254095,3,False,realistic,391,320720166869,180829600418,176916677164,164498760743,161438316235,124778732663,0
2025-10-29,1129379804851,3,False,realistic,391,320751008726,180864527779,176954338604,164532201312,161464809810,124812918617,0
2025-10-30,1129542824264,3,False,realistic,391,320781326287,180887569424,176988275052,164558751850,161491927050,124834974598,0
2025-10-31,1129721196918,3,False,realistic,391,320813404419,180911654727,177022266498,164593331730,161519093089,124861446452,0
2025-11-01,1129897857552,3,False,realistic,391,320845309971,180933512820,177058301441,164626971901,161545290158,124888471258,0
2025-11-02,1130074504824,3,False,realistic,391,320876779182,180956612824,177094004156,164662558388,161570827591,124913722680,0
2025-11-03,1130257881125,41083836767,True,realistic,392,215928819427,205654462638,154625111196,186894283589,167551120809,158520246699,0
2025-11-04,1130734249057,2,False,realistic,392,223314381779,205674915396,154657180020,199321059784,175311646294,172455065782,0
2025-11-05,1130918838508,2,False,realistic,392,223333164659,205701681309,154686331839,199361142429,175330330192,172506188078,0
2025-11-06,1131240433217,2,False,realistic,392,223352132681,205722138763,154717269105,199426467340,175358335009,172664090317,0
2025-11-07,1131470630389,2,False,realistic,392,223372693315,205742260079,154749060324,199467991755,175384134303,172754490611,0
2025-11-08,1131668617907,2,False,realistic,392,223394479802,205763116143,154779713357,199508103948,175409456888,172813747767,0
2025-11-09,1131853289379,2,False,realistic,392,223417370085,205782283118,154812153488,199547513630,175433821982,172860147074,0
2025-11-10,1132038499490,2,False,realistic,392,223440201503,205801677393,154840528647,199585673675,175457229179,172913189091,0
2025-11-11,1132299393620,2,False,realistic,392,223461382409,205819494743,154868654474,199622528673,175481072133,173046261186,0
2025-11-12,1132551066189,2,False,realistic,392,223482442879,205837764747,154895767095,199750451164,175500735628,173083904674,0
2025-11-13,1132720871855,2,False,realistic,392,223503199193,205855641615,154917070567,199794505715,175524488330,173125966433,0
2025-11-14,1132882646017,2,False,realistic,392,223523590032,205873802030,154937061235,199833424589,175548484691,173166283438,0
2025-11-15,1133052405793,2,False,realistic,392,223544411407,205891964047,154959219357,199882862830,175570849086,173203099064,0
2025-11-16,1133208809815,2,False,realistic,392,223564683516,205910014849,154981125920,199919717944,175592206197,173241061387,0
2025-11-17,1133369129189,2,False,realistic,392,223584712461,205927333855,155001252236,199958551664,175615778849,173281500122,0
2025-11-18,1133526075595,2,False,realistic,392,223604498176,205944372226,155020914038,199994818119,175637863134,173323609900,0
2025-11-19,1133687607467,2,False,realistic,392,223622570320,205961129891,155039516547,200034543117,175666302031,173363545559,0
2025-11-20,1133834482297,2,False,realistic,392,223639357329,205978961046,155057908906,200071042570,175690799057,173396413387,0
2025-11-21,1133970473449,2,False,realistic,392,223654675093,205996568014,155072904917,200107493869,175711111801,173427719753,0
2025-11-22,1134114007612,2,False,realistic,392,223669074777,206014120050,155088709607,200142964978,175733882035,173465256163,0
2025-11-23,1134255130277,2,False,realistic,392,223683781784,206031842908,155104685868,200178332707,175754921954,173501565054,0
2025-11-24,1134393476865,2,False,realistic,392,223698183342,206049623738,155120961236,200213377626,175776301456,173535029465,0
2025-11-25,1134538963692,2,False,realistic,392,223715159889,206067519006,155137705800,200246783090,175797828033,173573967872,0
2025-11-26,1134680375859,2,False,realistic,392,223731831265,206085415828,155155302241,200277944781,175818345806,173611535936,0
2025-11-27,1134824590000,2,False,realistic,392,223749239440,206103257743,155172688136,200310537958,175837661739,173651204982,0
2025-11-28,1134959304366,2,False,realistic,392,223764809935,206121552936,155188162891,200339404627,175855775426,173689598549,0
2025-11-29,1135090944160,2,False,realistic,392,223780688040,206139906224,155203809259,200368165681,175874276417,173724098537,0
2025-11-30,1135227775923,2,False,realistic,392,223796689891,206158487053,155219542247,200404671113,175892731169,173755654448,0
2025-12-01,1135369821318,2,False,realistic,392,223811037404,206177239003,155236935340,200439865467,175911910705,173792833397,0
2025-12-02,1135510570454,2,False,realistic,392,223825447155,206195710224,155253479769,200477701923,175929068140,173829163241,0
2025-12-03,1135650157810,2,False,realistic,392,223839980478,206214013624,155274236946,200512030296,175948396237,173861500227,0
2025-12-04,1135804910901,2,False,realistic,392,223855741265,206231640684,155294784194,200552682050,175968931584,173901131122,0
2025-12-05,1135951044194,2,False,realistic,392,223872852429,206249156248,155315419254,200591199154,175988649746,173933767361,0
2025-12-06,1136099192143,2,False,realistic,392,223890087571,206267690418,155336269817,200629888525,176008321901,173966933909,0
2025-12-07,1136247804876,2,False,realistic,392,223907753419,206286000207,155357165737,200669684700,176028285584,173998915227,0
2025-12-08,1136386143476,2,False,realistic,392,223925666039,206304368138,155376447050,200702231673,176047624581,174029805993,0
2025-12-09,1136524604440,2,False,realistic,392,223944009538,206324772487,155394794241,200733299278,176068123277,174059605617,0
2025-12-10,1136670183722,2,False,realistic,392,223963642985,206345178854,155413654485,200770036221,176086019516,174091651659,0
2025-12-11,1136809034287,2,False,realistic,392,223982603194,206363834719,155432644756,200804139624,176104207030,174121604962,0
2025-12-12,1136948010879,2,False,realistic,392,224001749104,206382718423,155452105774,200836048227,176122251680,174153137669,0
2025-12-13,1137086680702,2,False,realistic,392,224021203502,206401830028,155471569229,200869007348,176140732453,174182338140,0
2025-12-14,1137221768350,2,False,realistic,392,224040414087,206420491015,155490098032,200900816193,176159359938,174210589083,0
2025-12-15,1137368945192,2,False,realistic,392,224060178748,206439153689,155509353244,200936207761,176178954650,174245097098,0
2025-12-16,1137512359914,2,False,realistic,392,224079883766,206458496754,155531422790,200969403523,176198744614,174274408465,0
2025-12-17,1137653700102,2,False,realistic,392,224102168970,206479029475,155554475529,200999466343,176216219667,174302340116,0
2025-12-18,1137803901418,2,False,realistic,392,224123167036,206499055112,155576807185,201033553649,176232923999,174338394435,0
2025-12-19,1137943730249,2,False,realistic,392,224142386365,206519591867,155596840362,201068527979,176248471122,174367912552,0
2025-12-20,1138085637898,2,False,realistic,392,224161116071,206539847761,155618154997,201103728743,176263778180,174399012144,0
2025-12-21,1138228448149,2,False,realistic,392,224179724514,206559935883,155639174106,201137833731,176278700236,174433079677,0
2025-12-22,1138368926625,2,False,realistic,392,224198825854,206579120490,155658618342,201174203859,176294492875,174463665203,0
2025-12-23,1138529103439,2,False,realistic,392,224217928822,206598137088,155677254730,201234611236,176307823636,174493347925,0
2025-12-24,1138669207582,2,False,realistic,392,224236726270,206616476210,155696277210,201274306830,176324536651,174520884409,0
2025-12-25,1138806358701,2,False,realistic,392,224255525294,206635496247,155713766380,201311749365,176341396175,174548425238,0
2025-12-26,1138943240392,2,False,realistic,392,224274510213,206653782073,155731854773,201346992709,176359030314,174577070308,0
2025-12-27,1139081714755,2,False,realistic,392,224292820844,206671899664,155749646604,201382959349,176375989771,174608398521,0
2025-12-28,1139220344007,2,False,realistic,392,224310457019,206689962221,155767611152,201418766894,176393192470,174640354249,0
2025-12-29,1139360191430,2,False,realistic,392,224329200769,206708026357,155786986082,201453587508,176411701673,174670689039,0
2025-12-30,1139503445258,2,False,realistic,392,224348560686,206725978807,155808668215,201494706116,176428617863,174696913569,0
2025-12-31,1139666410984,2,False,realistic,392,224367983739,206743819542,155829243496,201541353520,176447275793,174736734892,0
2026-01-01,1139807192733,2,False,realistic,392,224387961710,206761208679,155849138407,201577078795,176463857002,174767948138,0
2026-01-02,1139941448731,2,False,realistic,392,224407634079,206778542632,155869249350,201610987925,176478022456,174797012287,0
2026-01-03,1140077965156,2,False,realistic,392,224427308172,206796897768,155888893145,201644184693,176493929653,174826751723,0
2026-01-04,1140211711259,2,False,realistic,392,224447168451,206815254533,155908496707,201677000212,176509354738,174854436616,0
2026-01-05,1140348377736,20874946024,True,realistic,393,224364588119,214099910485,188671282723,153892009656,173265702759,165179937970,0
2026-01-06,1140472096804,1,False,realistic,393,229115413319,214117742367,193801267015,153911868049,178291095092,171234710961,0
2026-01-07,1140592694262,1,False,realistic,393,229132236039,214135751722,193823726723,153930295305,178309608057,171261076415,0
2026-01-08,1140717847033,51897718382,True,realistic,394,227518265642,214627801904,182455795288,129765041880,167619511182,166833712755,0
2026-01-09,1140881536198,3,True,realistic,395,263631056071,215357705696,175643231449,166427842552,161378405637,158443294790,0
2026-01-10,1141030185204,3,False,realistic,395,263650413091,215376232358,175665944765,166457343596,161394676117,158485575274,0
2026-01-11,1141164965737,61193787827,True,realistic,396,212332363008,210736529401,198762413297,123866530309,167815980113,166457361782,0
2026-01-12,1141301536370,2,False,realistic,396,225963984642,210754716252,214394865822,123890387342,182649238335,183648343975,0
2026-01-13,1141433335240,2,False,realistic,396,225981814129,210773193377,214424881103,123910311631,182664350682,183678784316,0
2026-01-14,1141567286151,2,False,realistic,396,225998468679,210791441138,214456427996,123930340969,182679264100,183711343267,0
2026-01-15,1141702954057,2,False,realistic,396,226015124456,210809979234,214487156958,123951052615,182695279816,183744360976,0
2026-01-16,1141833445033,2,False,realistic,396,226031595695,210828172423,214511014981,123971665844,182711497150,183779498938,0
2026-01-17,1141957527406,2,False,realistic,396,226048377766,210846136138,214534523037,123989497384,182726514533,183812478546,0
2026-01-18,1142081635884,2,False,realistic,396,226064975290,210864159150,214558209999,124008350581,182741332902,183844607960,0
2026-01-19,1142213254388,2,False,realistic,396,226081450162,210883223580,214581840793,124028361791,182757404126,183880973934,0
2026-01-20,1142342840693,58506038433,True,realistic,397,241552886465,203507179026,189913672918,115640975917,168203368637,165018719297,0
2026-01-21,1142465621558,89869881106,True,realistic,398,230472995246,219735433391,179290417662,88161306346,167631520075,167304067732,0
2026-01-22,1142601224037,2,False,realistic,398,250378056079,239507955012,200660122619,88179421682,167645986904,196229681739,0
2026-01-23,1142725620295,144163431932,True,realistic,399,265983933608,199461560049,174778321699,25577159212,167456404369,165304809426,0
2026-01-24,1142860188634,3,False,realistic,399,298110355887,199478773854,210290495581,25582428807,199578551543,209819582959,0
2026-01-25,1143000176989,3,False,realistic,399,298133061278,199496535662,210318092607,25589409656,199596759668,209866318115,0
2026-01-26,1143133169308,3,False,realistic,399,298154298153,199514408365,210346845683,25594800959,199615789715,209907026430,0
2026-01-27,1143254307401,169892309430,True,realistic,400,227363314896,212269431701,151258848663,43233516671,171327566908,167909319132,0
2026-01-28,1143374074991,165518724246,True,realistic,401,231734355912,204514773367,196292399048,8098431658,168942291257,168273099503,0
2026-01-29,1143511665567,2,False,realistic,401,273392967473,243018443538,196322300027,8102798154,210141041987,212534114386,0
2026-01-30,1143636395327,2,False,realistic,401,273413715377,243039882425,196350914674,8104198939,210161019779,212566664131,0
2026-01-31,1143794844236,2,False,realistic,401,273433640869,243060857099,196380932156,8105906371,210182957134,212630550605,0
2026-02-01,1143939090331,2,False,realistic,401,273453867467,243082299728,196410470000,8107902866,210205415039,212679135229,0
2026-02-02,1144075205968,2,False,realistic,401,273473196534,243102545486,196438505576,8109611078,210228336067,212723011225,0
2026-02-03,1144198448347,2,False,realistic,401,273490054470,243124857637,196464930591,8111039702,210249819675,212757746270,0
2026-02-04,1144328883480,2,False,realistic,401,273506239086,243145106940,196491682117,8112373023,210270153424,212803328888,0
2026-02-05,1144459462724,2,False,realistic,401,273524822523,243162826556,196511008285,8114082177,210288415242,212858307939,0
2026-02-06,1144577713889,2,False,realistic,401,273542133272,243180081123,196524360265,8115182579,210306621033,212909335615,0
2026-02-07,1144692917128,2,False,realistic,401,273559070401,243197203665,196538843841,8116509911,210325346965,212955942343,0
2026-02-08,1144803216515,2,False,realistic,401,273575933631,243214527301,196552251559,8117841908,210344420304,212998241810,0
2026-02-09,1144913169868,2,False,realistic,401,273591598663,243231585634,196566144841,8119136314,210362112286,213042592128,0
2026-02-10,1145012376998,2,False,realistic,401,273605615547,243248911719,196579877544,8120324154,210375540881,213082107151,0
2026-02-11,1145113820874,2,False,realistic,401,273618958505,243265839177,196595657791,8121594484,210393235481,213118535434,0
2026-02-12,1145211946800,2,False,realistic,401,273632601970,243282834461,196611816338,8122809385,210410009297,213151875347,0
2026-02-13,1145311552937,2,False,realistic,401,273646021212,243300030891,196629807665,8124033369,210426380925,213185278873,0
2026-02-14,1145420530126,2,False,realistic,401,273659516084,243317428509,196646346117,8125310956,210449210746,213222717712,0
2026-02-15,1145521157477,2,False,realistic,401,273673161572,243334560722,196662562706,8126475212,210470601610,213253795653,0
2026-02-16,1145624637923,2,False,realistic,401,273686657782,243351494140,196678834512,8127646315,210489284479,213290720693,0
2026-02-17,1145720599338,2,False,realistic,401,273699929710,243368228722,196694407164,8128842081,210508084343,213321107316,0
2026-02-18,1145815339797,2,False,realistic,401,273713202281,243384831102,196710304383,8129819769,210524982663,213352199597,0
2026-02-19,1145906285314,2,False,realistic,401,273725950567,243401367934,196726202887,8130837666,210549034421,213372891837,0
2026-02-20,1146002236051,2,False,realistic,401,273738699446,243417772519,196741725392,8132486109,210571185333,213400367250,0
2026-02-21,1146100180992,2,False,realistic,401,273751073935,243434511658,196758488865,8133551130,210595761586,213426793816,0
2026-02-22,1146194964024,2,False,realistic,401,273763673984,243450785088,196773636573,8134587322,210620109917,213452171138,0
2026-02-23,1146291988677,2,False,realistic,401,273775974598,243467059606,196789917569,8135616960,210644172543,213479247399,0
2026-02-24,1146390721732,2,False,realistic,401,273787900729,243482401365,196806739063,8136631125,210666160331,213510889117,0
2026-02-25,1146482183571,2,False,realistic,401,273799977400,243497810799,196826096218,8137529498,210686072611,213534697043,0
2026-02-26,1146575494616,2,False,realistic,401,273811154440,243513221208,196843352204,8138938516,210709969606,213558858640,0
2026-02-27,1146663233634,2,False,realistic,401,273822857053,243527965433,196860447914,8139640917,210734331142,213577991173,0
2026-02-28,1146753364101,2,False,realistic,401,273834485146,243542710550,196879055271,8140450421,210757021167,213599641544,0
2026-03-01,1146845572939,2,False,realistic,401,273846038710,243557523284,196896369839,8141585623,210779367185,213624688296,0
2026-03-02,1146933630096,2,False,realistic,401,273857067577,243572403647,196914495093,8142694216,210800040887,213646928674,0
2026-03-03,1147025919022,2,False,realistic,401,273868997241,243587284919,196930625896,8143918966,210821120891,213673971107,0
2026-03-04,1147114133351,2,False,realistic,401,273881077489,243602434046,196947621278,8145163981,210842029725,213695806830,0
2026-03-05,1147196798650,2,False,realistic,401,273892407911,243617517374,196963808753,8146306535,210860225680,213716532395,0
2026-03-06,1147293653873,40909758964,True,realistic,402,228599886598,201176348504,152238959191,186043416583,176965230065,161360053968,0
2026-03-07,1147392415797,3,False,realistic,402,228609719524,210006798030,152253098645,197613023996,187266410193,171643365406,0
2026-03-08,1147492638688,3,False,realistic,402,228619866037,210020491623,152267906823,197640148413,187284213328,171660012461,0
2026-03-09,1147594143796,3,False,realistic,402,228629887729,210033323011,152284009675,197668034625,187301710291,171677178462,0
2026-03-10,1147680333374,3,False,realistic,402,228639909861,210046155183,152299404962,197683198200,187319670728,171691994437,0
2026-03-11,1147763769327,3,False,realistic,402,228648115841,210058988139,152314009014,197699067015,187337530247,171706059068,0
2026-03-12,1147848655844,3,False,realistic,402,228656823262,210071764329,152328280627,197715587074,187355134842,171721065707,0
2026-03-13,1147933319148,3,False,realistic,402,228666032180,210084598850,152341760636,197732758537,187372895082,171735273860,0
2026-03-14,1148018386196,3,False,realistic,402,228675178821,210096743466,152355200100,197749498104,187391529701,171750236001,0
2026-03-15,1148102610106,3,False,realistic,402,228684263177,210108888784,152368765973,197765318063,187409704112,171765669994,0
2026-03-16,1148188851359,3,False,realistic,402,228693598507,210121552881,152383376676,197781085106,187428650462,171780587724,0
2026-03-17,1148275318059,3,False,realistic,402,228703247497,210134102606,152398030529,197796203167,187446674422,171797059835,0
2026-03-18,1148355252839,3,False,realistic,402,228713022211,210146595510,152410765158,197808775418,187466702970,171809391569,0
2026-03-19,1148441554215,3,False,realistic,402,228722358715,210158974008,152423918415,197830019538,187484371064,171821912472,0
2026-03-20,1148534941575,3,False,realistic,402,228731507609,210172965413,152438158567,197849423139,187506663726,171836223118,0
2026-03-21,1148628819147,3,False,realistic,402,228740656869,210186669841,152452984744,197869587518,187527726118,171851194054,0
2026-03-22,1148798260523,3,False,realistic,402,228749681157,210200375163,152466851700,197902276658,187596571913,171882503929,0
2026-03-23,1148970879478,3,False,realistic,402,228758517788,210214023790,152480845232,197940555838,187644987247,171931949580,0
2026-03-24,1149112507095,3,False,realistic,402,228767668128,210227730896,152495383131,197987031195,187679380259,171955313483,0
2026-03-25,1149225074109,3,False,realistic,402,228776944186,210241381299,152509964196,198010572666,187705552534,171980659225,0
2026-03-26,1149339367949,3,False,realistic,402,228786283299,210255090189,152522415694,198031729960,187738876697,172004972107,0
2026-03-27,1149459425736,3,False,realistic,402,228795685475,210268511952,152534742848,198055113980,187770663717,172034707761,0
2026-03-28,1149580747067,3,False,realistic,402,228805777558,210281934572,152547488901,198073128856,187798494930,172073922247,0
2026-03-29,1149688781205,3,False,realistic,402,228815870086,210295473271,152559776287,198091416703,187824272202,172101972653,0
2026-03-30,1149795757002,3,False,realistic,402,228826151127,210309646609,152572858810,198107752460,187850876352,172128471641,0
2026-03-31,1149912754089,3,False,realistic,402,228836369938,210324051379,152585858853,198131036905,187873624321,172161812690,0
2026-04-01,1150020567765,3,False,realistic,402,228846275731,210338399512,152599361656,198155681149,187896632405,172184217309,0
2026-04-02,1150134944076,3,False,realistic,402,228855617674,210352575743,152611276948,198180491326,187919488872,172215493510,0
2026-04-03,1150240211733,26332952227,True,realistic,403,222719209632,213522078510,208002349054,150386719349,172000678778,157276224183,0
2026-04-04,1150358343925,47094918426,True,realistic,404,262139626345,197358380819,183207378183,127947304950,169287102407,163323632795,0
2026-04-05,1150462453632,3,False,realistic,404,262150111930,208025663827,194711981563,127967075437,182075649770,175531971102,0
2026-04-06,1150558842126,70557130249,True,realistic,405,234199375312,208309489680,185871278796,114742144531,171605735657,165273687901,0
2026-04-07,1150662007872,2,False,realistic,405,234209898242,223964320167,203585006458,114758931463,191027797619,183116053921,0
2026-04-08,1150762496694,2,False,realistic,405,234220293311,223978678427,203595882917,114782417742,191049203199,183136021096,0
2026-04-09,1150857485104,103409059733,True,realistic,406,219432719656,205966882936,144723645036,149073412423,169479848023,158771917297,0
2026-04-10,1150937922992,195180561326,True,realistic,407,246713989794,205156543401,29594530260,133040511908,171663671955,169588114348,0
2026-04-11,1151038622063,1,False,realistic,407,300549407249,205168852793,29599930248,146417562944,237746703548,231556165280,0
2026-04-12,1151133361548,1,False,realistic,407,300561840936,205181668819,29605039277,146432886645,237774190975,231577734895,0
2026-04-13,1151223841632,224403705120,True,realistic,408,229868427127,218817007091,33178976835,122925307185,162970015657,159060402617,0
2026-04-14,1151340538569,2,False,realistic,408,229878566528,283701703237,33787856537,122946187648,249586425447,231439799170,0
2026-04-15,1151452374811,2,False,realistic,408,229888958298,283719891236,33793392191,122965320095,249621299166,231463513823,0
2026-04-16,1151575780708,2,False,realistic,408,229899035622,283738080401,33799215764,122983310089,249655083528,231501055302,0
2026-04-17,1151686632946,2,False,realistic,408,229909428318,283756115259,33805142201,123001909208,249688120077,231525917881,0
2026-04-18,1151828965220,228580989352,True,realistic,409,269473113229,197471039454,31326547488,106932470377,162115227972,155929577348,0
2026-04-19,1152016033968,222597219405,True,realistic,410,256443143249,252752682217,27135729588,96686656306,152233442652,144167160551,0
2026-04-20,1152217127576,107165550622,True,realistic,411,228918482707,225877938428,212395471104,84064668939,147888112802,145906902974,0
2026-04-21,1152358143961,287693657313,True,realistic,412,234486721685,230296072905,8595387952,83150616962,161856982719,146278704425,0
2026-04-22,1152478516892,340408103990,True,realistic,413,216520861100,210958405171,27691442255,43430038753,167518353710,145951311913,0
2026-04-23,1152641498213,2,False,realistic,413,312562679180,277103709000,27695470790,43436487816,249260390347,242582761078,0
2026-04-24,1152838471843,2,False,realistic,413,312662613603,277121701761,27700509089,43442640326,249295081930,242615925132,0
2026-04-25,1152998876487,2,False,realistic,413,312731827682,277140075309,27705662142,43449341204,249330188141,242641782007,0
2026-04-26,1153152671349,2,False,realistic,413,312789747330,277159361221,27710520121,43451614854,249374384478,242667043343,0
2026-04-27,1153299452920,3,True,realistic,414,240194424570,224602568074,215633387235,177302662376,174667457321,120898953341,0
2026-04-28,1153470395368,104709245137,True,realistic,415,246339426189,207211713104,164283809488,90996268660,176993275265,162936657525,0
2026-04-29,1153622593548,106754255097,True,realistic,416,221196016061,199837186604,91464678831,192125447104,179427362937,162817646914,0
2026-04-30,1153740648059,177014237498,True,realistic,417,224238556379,212924448252,101616747079,90895117200,174274254185,172777287466,0
2026-05-01,1153865539664,2,False,realistic,417,267970490924,250666839073,101629637093,90905078308,225453958418,217239535846,0
2026-05-02,1153978485561,2,False,realistic,417,267995966474,250684420089,101642305992,90913695611,225479468687,217262628706,0
2026-05-03,1154104931912,2,False,realistic,417,268026584095,250704200119,101655004318,90923036059,225511097587,217285009732,0
2026-05-04,1154208360401,100483338641,True,realistic,418,238299174787,217860889645,95786260287,178491417315,177579803069,145707476657,0
2026-05-05,1154314882420,90746522069,True,realistic,419,245364187310,201829823395,107618833755,180356221505,173786288628,154613005758,0
2026-05-06,1154415769455,91292374220,True,realistic,420,237534648590,212241163200,106167734199,185567031191,175993954403,145618863652,0
2026-05-07,1154520212492,102246555901,True,realistic,421,230625723038,209719408334,107009692301,178887072312,172659888048,153371872558,0
2026-05-08,1154620199993,200802640485,True,realistic,422,234111805198,206273484576,122267950996,43733215488,177412792541,170018310709,0
2026-05-09,1154716546499,224780244276,True,realistic,423,217130935514,211929704475,112173162364,43472886891,177753896760,167475716219,0
2026-05-10,1154844715188,2,False,realistic,423,266285196587,258971423533,112186653875,43477746326,241243860393,232679834472,0
2026-05-11,1154947604367,235216911415,True,realistic,424,234523680846,211530009371,93908295210,41361830760,172029846704,166377030061,0
2026-05-12,1155069732091,1,False,realistic,424,303483548585,211544381820,93921107903,41892538751,255958402570,248269752461,0
2026-05-13,1155181770350,1,False,realistic,424,303508741876,211558813203,93931297699,41897646197,255991712225,248293559149,0
2026-05-14,1155332910125,1,False,realistic,424,303534768790,211573187610,93941540070,41902765745,256034845075,248345802834,0
2026-05-15,1155476298721,1,False,realistic,424,303559883173,211587678924,93953302065,41908666572,256070479513,248396288473,0
2026-05-16,1155626242906,1,False,realistic,424,303584750133,211602229200,93964705164,41912501502,256104996410,248457060496,0
2026-05-17,1155758308727,1,False,realistic,424,303609203260,211616838449,93976264109,41916681269,256155305254,248484016385,0
2026-05-18,1155892187422,1,False,realistic,424,303633991079,211631738593,93988004705,41920849969,256200500874,248517102201,0
2026-05-19,1156008014978,1,False,realistic,424,303658864110,211646581805,93998742512,41924777895,256235596833,248543451822,0
2026-05-20,1156124952015,1,False,realistic,424,303683988761,211661484043,94009739077,41928706189,256270276390,248570757554,0
2026-05-21,1156247442141,1,False,realistic,424,303708782686,211678242993,94021509611,41932634851,256306435072,248599836927,0
2026-05-22,1156381148098,1,False,realistic,424,303733329012,211694829288,94033127063,41936563881,256344775705,248638523148,0
2026-05-23,1156543223055,1,False,realistic,424,303758043751,211710082915,94044900525,41940493279,256378767724,248710934860,0
2026-05-24,1156662461184,1,False,realistic,424,303783093386,211725221635,94055876724,41944423045,256413747621,248740098772,0
2026-05-25,1156776750283,1,False,realistic,424,303808145087,211740593466,94066725360,41948353179,256445711526,248767221664,0
2026-05-26,1156904923623,1,False,realistic,424,303834031205,211755966413,94077910280,41952283682,256487726467,248797005575,0
2026-05-27,1157027259025,1,False,realistic,424,303860252498,211771282460,94089586250,41956214553,256522721230,248827202033,0
2026-05-28,1157139176161,1,False,realistic,424,303880731846,211785845361,94101727673,41960145792,256558845251,248851880237,0
2026-05-29,1157256200777,1,False,realistic,424,303901545594,211800641358,94113922225,41964077400,256601089597,248874924602,0
2026-05-30,1157377355173,1,False,realistic,424,303921944464,211816134719,94126041004,41968009376,256646504474,248898721135,0
2026-05-31,1157508401382,1,False,realistic,424,303942094905,211831687246,94137542432,41971941720,256702615134,248922519944,0
