date,reason,moved
2024-01-01,netBenefitBps (2) < gateMinNetBenefitBps (10),357619429097
2024-01-22,netBenefitBps (-6) < gateMinNetBenefitBps (10),48989677531
2024-01-25,netBenefitBps (-6) < gateMinNetBenefitBps (10),68564189245
2024-01-26,netBenefitBps (-7) < gateMinNetBenefitBps (10),39463750748
2024-02-05,netBenefitBps (-7) < gateMinNetBenefitBps (10),24332778583
2024-02-06,netBenefitBps (-4) < gateMinNetBenefitBps (10),48341006923
2024-02-10,netBenefitBps (-5) < gateMinNetBenefitBps (10),243298486200
2024-02-11,netBenefitBps (-2) < gateMinNetBenefitBps (10),123526368844
2024-02-12,netBenefitBps (-5) < gateMinNetBenefitBps (10),251974456883
2024-02-13,netBenefitBps (4) < gateMinNetBenefitBps (10),170742410938
2024-02-14,netBenefitBps (-2) < gateMinNetBenefitBps (10),134046937621
2024-02-15,netBenefitBps (-5) < gateMinNetBenefitBps (10),152244596823
2024-02-16,netBenefitBps (-5) < gateMinNetBenefitBps (10),151821667191
2024-02-17,netBenefitBps (-2) < gateMinNetBenefitBps (10),138374987399
2024-02-19,netBenefitBps (-5) < gateMinNetBenefitBps (10),76244660697
2024-02-21,netBenefitBps (1) < gateMinNetBenefitBps (10),87709253084
2024-02-24,netBenefitBps (-6) < gateMinNetBenefitBps (10),65168256545
2024-02-26,netBenefitBps (-2) < gateMinNetBenefitBps (10),95143818253
2024-07-04,netBenefitBps (-5) < gateMinNetBenefitBps (10),48738465346
2024-07-05,netBenefitBps (-6) < gateMinNetBenefitBps (10),41692139882
2024-08-07,netBenefitBps (-4) < gateMinNetBenefitBps (10),50450927474
2024-08-08,netBenefitBps (-5) < gateMinNetBenefitBps (10),57509507209
2024-09-06,moved (10563598538) < minMove (10594868360),10563598538
2024-09-07,netBenefitBps (-6) < gateMinNetBenefitBps (10),32007652042
2024-09-08,netBenefitBps (-7) < gateMinNetBenefitBps (10),29324217202
2024-09-09,netBenefitBps (-7) < gateMinNetBenefitBps (10),24765831842
2024-09-10,netBenefitBps (-6) < gateMinNetBenefitBps (10),52416828080
2024-09-11,netBenefitBps (-6) < gateMinNetBenefitBps (10),49772077883
2024-10-16,netBenefitBps (-6) < gateMinNetBenefitBps (10),60259799383
2024-10-17,netBenefitBps (-3) < gateMinNetBenefitBps (10),118886780991
2024-10-19,netBenefitBps (-1) < gateMinNetBenefitBps (10),171119672583
2024-10-20,netBenefitBps (1) < gateMinNetBenefitBps (10),172447364819
2024-10-23,netBenefitBps (-4) < gateMinNetBenefitBps (10),198293612141
2024-10-24,netBenefitBps (-5) < gateMinNetBenefitBps (10),130632600821
2024-10-25,netBenefitBps (2) < gateMinNetBenefitBps (10),188232697227
2024-10-27,netBenefitBps (0) < gateMinNetBenefitBps (10),221434738429
2024-10-30,netBenefitBps (0) < gateMinNetBenefitBps (10),33153655891
2024-10-31,moved (9860315085) < minMove (10679655568),9860315085
2024-11-01,netBenefitBps (4) < gateMinNetBenefitBps (10),60098539748
2024-11-02,netBenefitBps (-8) < gateMinNetBenefitBps (10),32488156202
2024-11-03,netBenefitBps (-7) < gateMinNetBenefitBps (10),59323865704
2024-11-06,netBenefitBps (-6) < gateMinNetBenefitBps (10),63785349165
2024-11-07,netBenefitBps (-5) < gateMinNetBenefitBps (10),64842016514
2024-12-02,netBenefitBps (-5) < gateMinNetBenefitBps (10),181289988068
2024-12-06,netBenefitBps (0) < gateMinNetBenefitBps (10),107726185244
2024-12-07,netBenefitBps (-2) < gateMinNetBenefitBps (10),92760499611
2024-12-08,netBenefitBps (-5) < gateMinNetBenefitBps (10),205427465328
2024-12-09,netBenefitBps (-5) < gateMinNetBenefitBps (10),139563881009
2024-12-11,netBenefitBps (-6) < gateMinNetBenefitBps (10),90026182129
2024-12-12,netBenefitBps (-5) < gateMinNetBenefitBps (10),214373867274
2024-12-13,netBenefitBps (-5) < gateMinNetBenefitBps (10),198516284991
2024-12-15,netBenefitBps (-3) < gateMinNetBenefitBps (10),183516128683
2024-12-19,driftBps (145) < entryDriftBps (150),15696682939
2024-12-22,netBenefitBps (-4) < gateMinNetBenefitBps (10),168454865300
2024-12-23,netBenefitBps (-2) < gateMinNetBenefitBps (10),145887680750
2024-12-24,netBenefitBps (-2) < gateMinNetBenefitBps (10),139561118563
2024-12-25,netBenefitBps (-1) < gateMinNetBenefitBps (10),176147047216
2024-12-26,netBenefitBps (-5) < gateMinNetBenefitBps (10),156117877328
2024-12-27,netBenefitBps (-1) < gateMinNetBenefitBps (10),150356334554
2024-12-28,netBenefitBps (-2) < gateMinNetBenefitBps (10),147958274408
2024-12-29,netBenefitBps (0) < gateMinNetBenefitBps (10),158614564466
2024-12-30,netBenefitBps (-5) < gateMinNetBenefitBps (10),156042709643
2024-12-31,netBenefitBps (-5) < gateMinNetBenefitBps (10),156294737932
2025-01-01,netBenefitBps (-5) < gateMinNetBenefitBps (10),157250321852
2025-01-02,netBenefitBps (-6) < gateMinNetBenefitBps (10),88393954149
2025-01-03,netBenefitBps (-5) < gateMinNetBenefitBps (10),159439409074
2025-01-04,netBenefitBps (-5) < gateMinNetBenefitBps (10),137115139390
2025-01-05,netBenefitBps (-5) < gateMinNetBenefitBps (10),92704223143
2025-01-06,netBenefitBps (-5) < gateMinNetBenefitBps (10),124445601907
2025-01-07,netBenefitBps (-5) < gateMinNetBenefitBps (10),85120154955
2025-01-08,netBenefitBps (-5) < gateMinNetBenefitBps (10),98130134078
2025-01-09,netBenefitBps (-5) < gateMinNetBenefitBps (10),165509063055
2025-01-10,netBenefitBps (-5) < gateMinNetBenefitBps (10),176312439951
2025-01-11,netBenefitBps (-5) < gateMinNetBenefitBps (10),127374052494
2025-01-12,netBenefitBps (-5) < gateMinNetBenefitBps (10),162227038913
2025-01-13,netBenefitBps (-5) < gateMinNetBenefitBps (10),148704326291
2025-01-14,netBenefitBps (-5) < gateMinNetBenefitBps (10),149710442796
2025-01-15,netBenefitBps (-5) < gateMinNetBenefitBps (10),153448166924
2025-01-16,netBenefitBps (-5) < gateMinNetBenefitBps (10),156230071387
2025-01-17,netBenefitBps (-5) < gateMinNetBenefitBps (10),149267025292
2025-01-22,netBenefitBps (-3) < gateMinNetBenefitBps (10),111422854625
2025-01-23,netBenefitBps (-5) < gateMinNetBenefitBps (10),114496065193
2025-01-28,netBenefitBps (7) < gateMinNetBenefitBps (10),200736458035
2025-01-29,netBenefitBps (-2) < gateMinNetBenefitBps (10),187417470306
2025-02-04,netBenefitBps (-4) < gateMinNetBenefitBps (10),125867897485
2025-02-05,netBenefitBps (-4) < gateMinNetBenefitBps (10),125449509323
2025-02-06,netBenefitBps (-4) < gateMinNetBenefitBps (10),125839736784
2025-02-09,netBenefitBps (3) < gateMinNetBenefitBps (10),214611931387
2025-02-10,netBenefitBps (6) < gateMinNetBenefitBps (10),202018903130
2025-02-11,netBenefitBps (5) < gateMinNetBenefitBps (10),196539404608
2025-02-12,netBenefitBps (0) < gateMinNetBenefitBps (10),176059413630
2025-02-15,netBenefitBps (6) < gateMinNetBenefitBps (10),237954720784
2025-02-20,netBenefitBps (3) < gateMinNetBenefitBps (10),220769773823
2025-02-21,netBenefitBps (7) < gateMinNetBenefitBps (10),216704286752
2025-02-22,netBenefitBps (-5) < gateMinNetBenefitBps (10),104211925710
2025-02-23,netBenefitBps (-5) < gateMinNetBenefitBps (10),100995240989
2025-02-24,netBenefitBps (1) < gateMinNetBenefitBps (10),212103182192
2025-02-27,netBenefitBps (5) < gateMinNetBenefitBps (10),221978139617
2025-02-28,netBenefitBps (0) < gateMinNetBenefitBps (10),210235074985
2025-03-01,netBenefitBps (3) < gateMinNetBenefitBps (10),207021184865
2025-03-03,netBenefitBps (2) < gateMinNetBenefitBps (10),198756211137
2025-03-04,netBenefitBps (3) < gateMinNetBenefitBps (10),198910128103
2025-03-05,netBenefitBps (-5) < gateMinNetBenefitBps (10),87886267905
2025-03-06,netBenefitBps (0) < gateMinNetBenefitBps (10),174288574046
2025-03-07,netBenefitBps (-2) < gateMinNetBenefitBps (10),177042275438
2025-03-08,netBenefitBps (-1) < gateMinNetBenefitBps (10),175328434798
2025-03-09,netBenefitBps (-2) < gateMinNetBenefitBps (10),176192419406
2025-03-10,netBenefitBps (-1) < gateMinNetBenefitBps (10),166767386632
2025-03-11,netBenefitBps (-1) < gateMinNetBenefitBps (10),164008330220
2025-03-12,netBenefitBps (-1) < gateMinNetBenefitBps (10),165884061411
2025-03-13,netBenefitBps (-1) < gateMinNetBenefitBps (10),161197962030
2025-03-14,netBenefitBps (0) < gateMinNetBenefitBps (10),166806512858
2025-03-16,netBenefitBps (9) < gateMinNetBenefitBps (10),205890806745
2025-03-17,netBenefitBps (4) < gateMinNetBenefitBps (10),197875684162
2025-03-18,netBenefitBps (2) < gateMinNetBenefitBps (10),172570949827
2025-03-19,netBenefitBps (-1) < gateMinNetBenefitBps (10),175881939173
2025-03-20,netBenefitBps (-1) < gateMinNetBenefitBps (10),171301899898
2025-03-21,netBenefitBps (-1) < gateMinNetBenefitBps (10),149037253759
2025-03-22,netBenefitBps (1) < gateMinNetBenefitBps (10),176787130624
2025-03-23,netBenefitBps (0) < gateMinNetBenefitBps (10),172446993518
2025-03-24,netBenefitBps (0) < gateMinNetBenefitBps (10),173284861169
2025-03-28,netBenefitBps (-1) < gateMinNetBenefitBps (10),136529542565
2025-03-29,netBenefitBps (-2) < gateMinNetBenefitBps (10),142470456311
2025-03-30,netBenefitBps (-2) < gateMinNetBenefitBps (10),138101897710
2025-03-31,netBenefitBps (-3) < gateMinNetBenefitBps (10),119283374456
2025-04-01,netBenefitBps (-3) < gateMinNetBenefitBps (10),108967462265
2025-04-02,netBenefitBps (-3) < gateMinNetBenefitBps (10),123507034465
2025-04-03,netBenefitBps (-3) < gateMinNetBenefitBps (10),118228819982
2025-04-04,netBenefitBps (-5) < gateMinNetBenefitBps (10),84756193618
2025-04-05,netBenefitBps (-5) < gateMinNetBenefitBps (10),79362373473
2025-04-06,netBenefitBps (-1) < gateMinNetBenefitBps (10),140842138932
2025-04-08,netBenefitBps (-3) < gateMinNetBenefitBps (10),113784185551
2025-04-09,netBenefitBps (-4) < gateMinNetBenefitBps (10),98896911983
2025-04-10,netBenefitBps (-5) < gateMinNetBenefitBps (10),84159321634
2025-04-12,netBenefitBps (-5) < gateMinNetBenefitBps (10),83295751505
2025-04-13,netBenefitBps (3) < gateMinNetBenefitBps (10),171641913335
2025-04-15,netBenefitBps (-6) < gateMinNetBenefitBps (10),78999229175
2025-04-17,netBenefitBps (-4) < gateMinNetBenefitBps (10),97483232355
2025-04-18,netBenefitBps (1) < gateMinNetBenefitBps (10),172607763753
2025-04-19,netBenefitBps (-2) < gateMinNetBenefitBps (10),132127134123
2025-04-20,netBenefitBps (-1) < gateMinNetBenefitBps (10),144912500539
2025-04-21,netBenefitBps (-2) < gateMinNetBenefitBps (10),154059749873
2025-04-22,netBenefitBps (-2) < gateMinNetBenefitBps (10),153981350210
2025-04-23,netBenefitBps (-2) < gateMinNetBenefitBps (10),153572635312
2025-04-24,netBenefitBps (-5) < gateMinNetBenefitBps (10),268631744033
2025-04-25,netBenefitBps (-5) < gateMinNetBenefitBps (10),270977250823
2025-04-26,netBenefitBps (-5) < gateMinNetBenefitBps (10),266793644996
2025-04-27,netBenefitBps (-5) < gateMinNetBenefitBps (10),265437831829
2025-04-28,netBenefitBps (-5) < gateMinNetBenefitBps (10),262963810924
2025-04-29,netBenefitBps (-5) < gateMinNetBenefitBps (10),266138372769
2025-04-30,netBenefitBps (-5) < gateMinNetBenefitBps (10),262086860829
2025-05-01,netBenefitBps (-5) < gateMinNetBenefitBps (10),254751351801
2025-05-02,netBenefitBps (-5) < gateMinNetBenefitBps (10),251848369004
2025-05-03,netBenefitBps (-5) < gateMinNetBenefitBps (10),252419611487
2025-05-04,netBenefitBps (-5) < gateMinNetBenefitBps (10),250355659308
2025-05-05,netBenefitBps (-5) < gateMinNetBenefitBps (10),257339502245
2025-05-06,netBenefitBps (-5) < gateMinNetBenefitBps (10),247452962545
2025-05-07,netBenefitBps (-5) < gateMinNetBenefitBps (10),248847963092
2025-05-08,netBenefitBps (-5) < gateMinNetBenefitBps (10),250670897765
2025-05-09,netBenefitBps (-5) < gateMinNetBenefitBps (10),242198764765
2025-05-10,netBenefitBps (-5) < gateMinNetBenefitBps (10),229533235532
2025-05-11,netBenefitBps (-5) < gateMinNetBenefitBps (10),246874098610
2025-05-12,netBenefitBps (-5) < gateMinNetBenefitBps (10),241377847720
2025-05-13,netBenefitBps (-5) < gateMinNetBenefitBps (10),232936143942
2025-05-14,netBenefitBps (-5) < gateMinNetBenefitBps (10),237526512556
2025-05-15,netBenefitBps (-5) < gateMinNetBenefitBps (10),220687056321
2025-05-16,netBenefitBps (-5) < gateMinNetBenefitBps (10),229639594966
2025-05-17,netBenefitBps (-5) < gateMinNetBenefitBps (10),226107952101
2025-05-18,netBenefitBps (-5) < gateMinNetBenefitBps (10),227848677933
2025-05-19,netBenefitBps (-5) < gateMinNetBenefitBps (10),225421281646
2025-05-20,netBenefitBps (-5) < gateMinNetBenefitBps (10),230315717617
2025-05-21,netBenefitBps (-5) < gateMinNetBenefitBps (10),237764353375
2025-05-22,netBenefitBps (-5) < gateMinNetBenefitBps (10),230129669500
2025-05-23,netBenefitBps (-5) < gateMinNetBenefitBps (10),227855634512
2025-05-24,netBenefitBps (-5) < gateMinNetBenefitBps (10),225674840743
2025-05-25,netBenefitBps (-5) < gateMinNetBenefitBps (10),220905137895
2025-05-26,netBenefitBps (-5) < gateMinNetBenefitBps (10),222761449983
2025-05-27,netBenefitBps (-5) < gateMinNetBenefitBps (10),230975707410
2025-05-28,netBenefitBps (-5) < gateMinNetBenefitBps (10),228293141755
2025-05-29,netBenefitBps (-5) < gateMinNetBenefitBps (10),225340034350
2025-05-30,netBenefitBps (-2) < gateMinNetBenefitBps (10),252073725850
2025-05-31,netBenefitBps (-5) < gateMinNetBenefitBps (10),228620217601
2025-06-01,netBenefitBps (-5) < gateMinNetBenefitBps (10),223795362747
2025-06-02,netBenefitBps (-5) < gateMinNetBenefitBps (10),223154881383
2025-06-03,netBenefitBps (-5) < gateMinNetBenefitBps (10),222913689602
2025-06-04,netBenefitBps (-5) < gateMinNetBenefitBps (10),224321219088
2025-06-05,netBenefitBps (-5) < gateMinNetBenefitBps (10),223024056964
2025-06-06,netBenefitBps (-5) < gateMinNetBenefitBps (10),229530456531
2025-06-07,netBenefitBps (-5) < gateMinNetBenefitBps (10),227513083843
2025-06-08,netBenefitBps (-5) < gateMinNetBenefitBps (10),224222990125
2025-06-09,netBenefitBps (-5) < gateMinNetBenefitBps (10),224584790782
2025-06-10,netBenefitBps (-5) < gateMinNetBenefitBps (10),227943049497
2025-06-11,netBenefitBps (-3) < gateMinNetBenefitBps (10),246255813468
2025-06-12,netBenefitBps (-5) < gateMinNetBenefitBps (10),226726380316
2025-06-13,netBenefitBps (-5) < gateMinNetBenefitBps (10),218525225738
2025-06-14,netBenefitBps (-5) < gateMinNetBenefitBps (10),221991947259
2025-06-15,netBenefitBps (-5) < gateMinNetBenefitBps (10),218424769530
2025-06-16,netBenefitBps (-5) < gateMinNetBenefitBps (10),218165095404
2025-06-17,netBenefitBps (-5) < gateMinNetBenefitBps (10),216387002045
2025-06-18,netBenefitBps (-5) < gateMinNetBenefitBps (10),222072314244
2025-06-19,netBenefitBps (-5) < gateMinNetBenefitBps (10),223041534991
2025-06-20,netBenefitBps (-5) < gateMinNetBenefitBps (10),220199620451
2025-06-21,netBenefitBps (-5) < gateMinNetBenefitBps (10),221711362877
2025-06-22,netBenefitBps (-5) < gateMinNetBenefitBps (10),225202677188
2025-06-23,netBenefitBps (-5) < gateMinNetBenefitBps (10),234499139507
2025-06-24,netBenefitBps (-5) < gateMinNetBenefitBps (10),235609630638
2025-06-25,netBenefitBps (-5) < gateMinNetBenefitBps (10),235968392945
2025-06-26,netBenefitBps (-5) < gateMinNetBenefitBps (10),306994696943
2025-06-27,netBenefitBps (-3) < gateMinNetBenefitBps (10),269492765125
2025-06-28,netBenefitBps (-2) < gateMinNetBenefitBps (10),303759282823
2025-06-29,netBenefitBps (-2) < gateMinNetBenefitBps (10),307887143584
2025-06-30,netBenefitBps (-4) < gateMinNetBenefitBps (10),314209735132
2025-07-01,netBenefitBps (-5) < gateMinNetBenefitBps (10),322363507789
2025-07-02,netBenefitBps (-3) < gateMinNetBenefitBps (10),299311089098
2025-07-03,netBenefitBps (-4) < gateMinNetBenefitBps (10),305777538338
2025-07-04,netBenefitBps (-4) < gateMinNetBenefitBps (10),311243634445
2025-07-05,netBenefitBps (-3) < gateMinNetBenefitBps (10),299616609402
2025-07-06,netBenefitBps (-3) < gateMinNetBenefitBps (10),297531228140
2025-07-07,netBenefitBps (-4) < gateMinNetBenefitBps (10),289338182422
2025-07-08,netBenefitBps (4) < gateMinNetBenefitBps (10),326068843989
2025-07-09,netBenefitBps (-1) < gateMinNetBenefitBps (10),320688913940
2025-07-10,netBenefitBps (-1) < gateMinNetBenefitBps (10),326047161814
2025-07-11,netBenefitBps (-1) < gateMinNetBenefitBps (10),328298178257
2025-07-12,netBenefitBps (-3) < gateMinNetBenefitBps (10),285366879247
2025-07-13,netBenefitBps (0) < gateMinNetBenefitBps (10),329267182624
2025-07-22,netBenefitBps (-11) < gateMinNetBenefitBps (10),21820310498
2025-07-23,netBenefitBps (-10) < gateMinNetBenefitBps (10),21225757501
2025-07-26,netBenefitBps (-5) < gateMinNetBenefitBps (10),203911541899
2025-08-09,netBenefitBps (-6) < gateMinNetBenefitBps (10),76734848332
2025-08-16,netBenefitBps (-3) < gateMinNetBenefitBps (10),272184517541
2025-08-24,netBenefitBps (-6) < gateMinNetBenefitBps (10),58982231263
2025-08-25,netBenefitBps (-3) < gateMinNetBenefitBps (10),112195139879
2025-08-26,netBenefitBps (-5) < gateMinNetBenefitBps (10),109182128780
2025-08-27,netBenefitBps (-3) < gateMinNetBenefitBps (10),113112264783
2025-08-29,netBenefitBps (-7) < gateMinNetBenefitBps (10),62980477120
2025-09-01,netBenefitBps (-11) < gateMinNetBenefitBps (10),23161139356
2025-09-02,netBenefitBps (-8) < gateMinNetBenefitBps (10),38453667069
2025-09-03,netBenefitBps (-7) < gateMinNetBenefitBps (10),41841687696
2025-09-04,netBenefitBps (-8) < gateMinNetBenefitBps (10),32701800907
2025-09-05,netBenefitBps (-10) < gateMinNetBenefitBps (10),25948614804
2025-09-06,netBenefitBps (-9) < gateMinNetBenefitBps (10),35135847246
2025-09-07,netBenefitBps (-8) < gateMinNetBenefitBps (10),37839296642
2025-09-08,netBenefitBps (-8) < gateMinNetBenefitBps (10),45448599460
2025-09-09,netBenefitBps (-9) < gateMinNetBenefitBps (10),29155554424
2025-09-10,netBenefitBps (-11) < gateMinNetBenefitBps (10),19633003604
2025-09-21,netBenefitBps (-7) < gateMinNetBenefitBps (10),43186545248
2025-09-22,netBenefitBps (-7) < gateMinNetBenefitBps (10),42129518668
2025-09-23,netBenefitBps (-7) < gateMinNetBenefitBps (10),65161193338
2025-09-24,netBenefitBps (-8) < gateMinNetBenefitBps (10),46213250174
2025-09-25,netBenefitBps (-8) < gateMinNetBenefitBps (10),38618675058
2025-09-26,netBenefitBps (-9) < gateMinNetBenefitBps (10),29275438520
2025-09-27,netBenefitBps (-8) < gateMinNetBenefitBps (10),37524403518
2025-10-01,netBenefitBps (-4) < gateMinNetBenefitBps (10),120913905781
2025-10-02,netBenefitBps (-4) < gateMinNetBenefitBps (10),122625567315
2025-10-03,netBenefitBps (-4) < gateMinNetBenefitBps (10),125728844891
2025-10-04,netBenefitBps (-1) < gateMinNetBenefitBps (10),123269159435
2025-10-08,netBenefitBps (-8) < gateMinNetBenefitBps (10),48283334679
2025-10-09,netBenefitBps (-6) < gateMinNetBenefitBps (10),159631096295
2025-10-11,netBenefitBps (-5) < gateMinNetBenefitBps (10),98585760815
2025-10-12,netBenefitBps (-5) < gateMinNetBenefitBps (10),112240913927
2025-10-13,netBenefitBps (-5) < gateMinNetBenefitBps (10),107356473774
2025-10-14,netBenefitBps (-5) < gateMinNetBenefitBps (10),106504333319
2025-10-15,netBenefitBps (-5) < gateMinNetBenefitBps (10),96881044810
2025-10-16,netBenefitBps (-4) < gateMinNetBenefitBps (10),102427633548
2025-10-17,netBenefitBps (-4) < gateMinNetBenefitBps (10),91511295982
2025-10-18,netBenefitBps (-5) < gateMinNetBenefitBps (10),100393616860
2025-10-19,netBenefitBps (-4) < gateMinNetBenefitBps (10),107594341739
2025-10-20,netBenefitBps (-4) < gateMinNetBenefitBps (10),111882864970
2025-10-21,netBenefitBps (-4) < gateMinNetBenefitBps (10),104250169554
2025-10-22,netBenefitBps (-3) < gateMinNetBenefitBps (10),116611784465
2025-10-23,netBenefitBps (-4) < gateMinNetBenefitBps (10),85933385187
2025-10-24,netBenefitBps (-4) < gateMinNetBenefitBps (10),103715773105
2025-10-25,netBenefitBps (-4) < gateMinNetBenefitBps (10),99722609580
2025-10-26,netBenefitBps (-3) < gateMinNetBenefitBps (10),98250149099
2025-10-27,netBenefitBps (-3) < gateMinNetBenefitBps (10),84901383934
2025-10-28,netBenefitBps (-5) < gateMinNetBenefitBps (10),99110134193
2025-10-29,netBenefitBps (-3) < gateMinNetBenefitBps (10),95606609561
2025-10-30,netBenefitBps (-4) < gateMinNetBenefitBps (10),107121198686
2025-10-31,netBenefitBps (-3) < gateMinNetBenefitBps (10),111979171717
2025-11-01,netBenefitBps (-4) < gateMinNetBenefitBps (10),108475090024
2025-11-02,netBenefitBps (-3) < gateMinNetBenefitBps (10),111772391741
2025-11-04,netBenefitBps (-6) < gateMinNetBenefitBps (10),125803583003
2025-11-05,netBenefitBps (-7) < gateMinNetBenefitBps (10),79660805079
2025-11-06,netBenefitBps (-6) < gateMinNetBenefitBps (10),126923661642
2025-11-07,netBenefitBps (-6) < gateMinNetBenefitBps (10),115702677686
2025-11-08,netBenefitBps (-6) < gateMinNetBenefitBps (10),91239925286
2025-11-09,netBenefitBps (-7) < gateMinNetBenefitBps (10),68924330619
2025-11-10,netBenefitBps (-7) < gateMinNetBenefitBps (10),81667251605
2025-11-11,netBenefitBps (-6) < gateMinNetBenefitBps (10),133893935568
2025-11-12,netBenefitBps (-7) < gateMinNetBenefitBps (10),72686886733
2025-11-13,netBenefitBps (-7) < gateMinNetBenefitBps (10),67527661439
2025-11-14,netBenefitBps (-7) < gateMinNetBenefitBps (10),72152935617
2025-11-15,netBenefitBps (-8) < gateMinNetBenefitBps (10),58429412683
2025-11-16,netBenefitBps (-7) < gateMinNetBenefitBps (10),61025951077
2025-11-17,netBenefitBps (-7) < gateMinNetBenefitBps (10),56051343496
2025-11-18,netBenefitBps (-7) < gateMinNetBenefitBps (10),55568082061
2025-11-19,netBenefitBps (-7) < gateMinNetBenefitBps (10),64908795233
2025-11-20,netBenefitBps (-7) < gateMinNetBenefitBps (10),49291856593
2025-11-21,netBenefitBps (-8) < gateMinNetBenefitBps (10),52113166837
2025-11-22,netBenefitBps (-7) < gateMinNetBenefitBps (10),61725290691
2025-11-23,netBenefitBps (-8) < gateMinNetBenefitBps (10),53809656950
2025-11-24,netBenefitBps (-8) < gateMinNetBenefitBps (10),49208792727
2025-11-25,netBenefitBps (-8) < gateMinNetBenefitBps (10),54195310530
2025-11-26,netBenefitBps (-8) < gateMinNetBenefitBps (10),48088774944
2025-11-27,netBenefitBps (-8) < gateMinNetBenefitBps (10),52577463196
2025-11-28,netBenefitBps (-8) < gateMinNetBenefitBps (10),52100275907
2025-11-29,netBenefitBps (-8) < gateMinNetBenefitBps (10),46372912944
2025-11-30,netBenefitBps (-8) < gateMinNetBenefitBps (10),41293195649
2025-12-01,netBenefitBps (-8) < gateMinNetBenefitBps (10),47432377164
2025-12-02,netBenefitBps (-9) < gateMinNetBenefitBps (10),44463291873
2025-12-03,netBenefitBps (-8) < gateMinNetBenefitBps (10),38346435326
2025-12-04,netBenefitBps (-8) < gateMinNetBenefitBps (10),45891484516
2025-12-05,netBenefitBps (-9) < gateMinNetBenefitBps (10),41878579983
2025-12-06,netBenefitBps (-9) < gateMinNetBenefitBps (10),41250914311
2025-12-07,netBenefitBps (-9) < gateMinNetBenefitBps (10),42741435948
2025-12-08,netBenefitBps (-9) < gateMinNetBenefitBps (10),32674254089
2025-12-09,netBenefitBps (-9) < gateMinNetBenefitBps (10),37639824994
2025-12-10,netBenefitBps (-10) < gateMinNetBenefitBps (10),30765720839
2025-12-11,netBenefitBps (-9) < gateMinNetBenefitBps (10),37559530692
2025-12-12,netBenefitBps (-8) < gateMinNetBenefitBps (10),34279987293
2025-12-13,netBenefitBps (-9) < gateMinNetBenefitBps (10),33906545633
2025-12-14,netBenefitBps (-9) < gateMinNetBenefitBps (10),32791581687
2025-12-15,netBenefitBps (-10) < gateMinNetBenefitBps (10),35524722198
2025-12-16,netBenefitBps (-9) < gateMinNetBenefitBps (10),41314521436
2025-12-17,netBenefitBps (-8) < gateMinNetBenefitBps (10),44634194127
2025-12-18,netBenefitBps (-9) < gateMinNetBenefitBps (10),44815527290
2025-12-19,netBenefitBps (-9) < gateMinNetBenefitBps (10),41624291582
2025-12-20,netBenefitBps (-9) < gateMinNetBenefitBps (10),44405882769
2025-12-21,netBenefitBps (-8) < gateMinNetBenefitBps (10),41708627240
2025-12-22,netBenefitBps (-9) < gateMinNetBenefitBps (10),41993246810
2025-12-23,netBenefitBps (-8) < gateMinNetBenefitBps (10),51073730108
2025-12-24,netBenefitBps (-9) < gateMinNetBenefitBps (10),33254424750
2025-12-25,netBenefitBps (-9) < gateMinNetBenefitBps (10),31779374084
2025-12-26,netBenefitBps (-9) < gateMinNetBenefitBps (10),31870462064
2025-12-27,netBenefitBps (-9) < gateMinNetBenefitBps (10),36073048096
2025-12-28,netBenefitBps (-9) < gateMinNetBenefitBps (10),37917618511
2025-12-29,netBenefitBps (-9) < gateMinNetBenefitBps (10),34345201771
2025-12-30,netBenefitBps (-8) < gateMinNetBenefitBps (10),38724335656
2025-12-31,netBenefitBps (-8) < gateMinNetBenefitBps (10),51366371551
2026-01-01,netBenefitBps (-8) < gateMinNetBenefitBps (10),37555562141
2026-01-02,netBenefitBps (-9) < gateMinNetBenefitBps (10),44121571329
2026-01-03,netBenefitBps (-8) < gateMinNetBenefitBps (10),35841442195
2026-01-04,netBenefitBps (-9) < gateMinNetBenefitBps (10),40452711319
2026-01-06,netBenefitBps (-8) < gateMinNetBenefitBps (10),30460259521
2026-01-07,netBenefitBps (-8) < gateMinNetBenefitBps (10),26133246155
2026-01-10,netBenefitBps (-9) < gateMinNetBenefitBps (10),32725575840
2026-01-12,netBenefitBps (-8) < gateMinNetBenefitBps (10),38792338300
2026-01-13,netBenefitBps (-8) < gateMinNetBenefitBps (10),48366465866
2026-01-14,netBenefitBps (-8) < gateMinNetBenefitBps (10),48205297722
2026-01-15,netBenefitBps (-8) < gateMinNetBenefitBps (10),51526539232
2026-01-16,netBenefitBps (-7) < gateMinNetBenefitBps (10),65852614138
2026-01-17,netBenefitBps (-7) < gateMinNetBenefitBps (10),66506697855
2026-01-18,netBenefitBps (-7) < gateMinNetBenefitBps (10),61263290701
2026-01-19,netBenefitBps (-7) < gateMinNetBenefitBps (10),69424900293
2026-01-22,netBenefitBps (-5) < gateMinNetBenefitBps (10),80060099569
2026-01-24,netBenefitBps (-5) < gateMinNetBenefitBps (10),116110344105
2026-01-25,netBenefitBps (-4) < gateMinNetBenefitBps (10),127262463057
2026-01-26,netBenefitBps (-4) < gateMinNetBenefitBps (10),117760568986
2026-01-29,netBenefitBps (-2) < gateMinNetBenefitBps (10),100261965826
2026-01-30,netBenefitBps (-3) < gateMinNetBenefitBps (10),138258093079
2026-01-31,netBenefitBps (-6) < gateMinNetBenefitBps (10),101961004963
2026-02-01,netBenefitBps (-5) < gateMinNetBenefitBps (10),102891842613
2026-02-02,netBenefitBps (-6) < gateMinNetBenefitBps (10),94852357488
2026-02-03,netBenefitBps (-4) < gateMinNetBenefitBps (10),142376987614
2026-02-04,netBenefitBps (-4) < gateMinNetBenefitBps (10),171353116245
2026-02-05,netBenefitBps (-2) < gateMinNetBenefitBps (10),164292518785
2026-02-06,netBenefitBps (-6) < gateMinNetBenefitBps (10),157289873928
2026-02-07,netBenefitBps (-4) < gateMinNetBenefitBps (10),166370806814
2026-02-08,netBenefitBps (-4) < gateMinNetBenefitBps (10),166140603498
2026-02-09,netBenefitBps (-4) < gateMinNetBenefitBps (10),164243986908
2026-02-10,netBenefitBps (-4) < gateMinNetBenefitBps (10),154680760866
2026-02-11,netBenefitBps (-3) < gateMinNetBenefitBps (10),162652253029
2026-02-12,netBenefitBps (-3) < gateMinNetBenefitBps (10),165300664674
2026-02-13,netBenefitBps (-3) < gateMinNetBenefitBps (10),168733286420
2026-02-14,netBenefitBps (-4) < gateMinNetBenefitBps (10),150448169188
2026-02-15,netBenefitBps (-3) < gateMinNetBenefitBps (10),163395598676
2026-02-16,netBenefitBps (-4) < gateMinNetBenefitBps (10),163524089347
2026-02-17,netBenefitBps (-3) < gateMinNetBenefitBps (10),163653021109
2026-02-18,netBenefitBps (-4) < gateMinNetBenefitBps (10),170198781463
2026-02-19,netBenefitBps (-3) < gateMinNetBenefitBps (10),172848715945
2026-02-20,netBenefitBps (-1) < gateMinNetBenefitBps (10),166557686773
2026-02-21,netBenefitBps (-4) < gateMinNetBenefitBps (10),187863976026
2026-02-22,netBenefitBps (-4) < gateMinNetBenefitBps (10),182835359436
2026-02-23,netBenefitBps (-4) < gateMinNetBenefitBps (10),184456395272
2026-02-24,netBenefitBps (-4) < gateMinNetBenefitBps (10),173120347901
2026-02-25,netBenefitBps (-4) < gateMinNetBenefitBps (10),194349667030
2026-02-26,netBenefitBps (-2) < gateMinNetBenefitBps (10),172419137449
2026-02-27,netBenefitBps (-5) < gateMinNetBenefitBps (10),171336021384
2026-02-28,netBenefitBps (-4) < gateMinNetBenefitBps (10),185939116873
2026-03-01,netBenefitBps (-3) < gateMinNetBenefitBps (10),186484868787
2026-03-02,netBenefitBps (-3) < gateMinNetBenefitBps (10),186612618311
2026-03-03,netBenefitBps (-3) < gateMinNetBenefitBps (10),170905750155
2026-03-04,netBenefitBps (-2) < gateMinNetBenefitBps (10),175127756139
2026-03-05,netBenefitBps (-2) < gateMinNetBenefitBps (10),177169362913
2026-03-07,netBenefitBps (-8) < gateMinNetBenefitBps (10),48003831968
2026-03-08,netBenefitBps (-9) < gateMinNetBenefitBps (10),42537310479
2026-03-09,netBenefitBps (-7) < gateMinNetBenefitBps (10),45619190215
2026-03-10,netBenefitBps (-8) < gateMinNetBenefitBps (10),53466001195
2026-03-11,netBenefitBps (-8) < gateMinNetBenefitBps (10),49336111904
2026-03-12,netBenefitBps (-7) < gateMinNetBenefitBps (10),51360385982
2026-03-13,netBenefitBps (-8) < gateMinNetBenefitBps (10),45984507352
2026-03-14,netBenefitBps (-8) < gateMinNetBenefitBps (10),48626957701
2026-03-15,netBenefitBps (-8) < gateMinNetBenefitBps (10),51019868615
2026-03-16,netBenefitBps (-7) < gateMinNetBenefitBps (10),49393215018
2026-03-17,netBenefitBps (-7) < gateMinNetBenefitBps (10),61576026746
2026-03-18,netBenefitBps (-8) < gateMinNetBenefitBps (10),52316366534
2026-03-19,netBenefitBps (-8) < gateMinNetBenefitBps (10),50170500034
2026-03-20,netBenefitBps (-8) < gateMinNetBenefitBps (10),45398035243
2026-03-21,netBenefitBps (-8) < gateMinNetBenefitBps (10),46690031653
2026-03-22,netBenefitBps (-7) < gateMinNetBenefitBps (10),82255913941
2026-03-23,netBenefitBps (-6) < gateMinNetBenefitBps (10),99287128167
2026-03-24,netBenefitBps (-7) < gateMinNetBenefitBps (10),66070110387
2026-03-25,netBenefitBps (-8) < gateMinNetBenefitBps (10),46458043929
2026-03-26,netBenefitBps (-8) < gateMinNetBenefitBps (10),49701825690
2026-03-27,netBenefitBps (-7) < gateMinNetBenefitBps (10),65940646677
2026-03-28,netBenefitBps (-7) < gateMinNetBenefitBps (10),65368568274
2026-03-29,netBenefitBps (-8) < gateMinNetBenefitBps (10),50253338542
2026-03-30,netBenefitBps (-8) < gateMinNetBenefitBps (10),57357871184
2026-03-31,netBenefitBps (-8) < gateMinNetBenefitBps (10),59219930251
2026-04-01,netBenefitBps (-7) < gateMinNetBenefitBps (10),55783940410
2026-04-02,netBenefitBps (-7) < gateMinNetBenefitBps (10),61285825438
2026-04-05,netBenefitBps (-8) < gateMinNetBenefitBps (10),37614616824
2026-04-07,netBenefitBps (-8) < gateMinNetBenefitBps (10),44051817792
2026-04-08,netBenefitBps (-5) < gateMinNetBenefitBps (10),81205632420
2026-04-11,netBenefitBps (-6) < gateMinNetBenefitBps (10),100857978226
2026-04-12,netBenefitBps (-6) < gateMinNetBenefitBps (10),104538077549
2026-04-14,netBenefitBps (-5) < gateMinNetBenefitBps (10),117093995534
2026-04-15,netBenefitBps (-6) < gateMinNetBenefitBps (10),118379578382
2026-04-16,netBenefitBps (-6) < gateMinNetBenefitBps (10),128165935027
2026-04-17,netBenefitBps (-6) < gateMinNetBenefitBps (10),115348256350
2026-04-23,netBenefitBps (-5) < gateMinNetBenefitBps (10),201664308902
2026-04-24,netBenefitBps (1) < gateMinNetBenefitBps (10),166215801172
2026-04-25,netBenefitBps (-5) < gateMinNetBenefitBps (10),155375732279
2026-04-26,netBenefitBps (-5) < gateMinNetBenefitBps (10),199173760905
2026-05-01,netBenefitBps (-5) < gateMinNetBenefitBps (10),148605495345
2026-05-02,netBenefitBps (-6) < gateMinNetBenefitBps (10),147825075281
2026-05-03,netBenefitBps (-5) < gateMinNetBenefitBps (10),147402297231
2026-05-10,netBenefitBps (-6) < gateMinNetBenefitBps (10),106673359410
2026-05-12,netBenefitBps (-5) < gateMinNetBenefitBps (10),134852174260
2026-05-13,netBenefitBps (-5) < gateMinNetBenefitBps (10),209800971044
2026-05-14,netBenefitBps (-5) < gateMinNetBenefitBps (10),209595637609
2026-05-15,netBenefitBps (-6) < gateMinNetBenefitBps (10),131951131883
2026-05-16,netBenefitBps (-5) < gateMinNetBenefitBps (10),193492095635
2026-05-17,netBenefitBps (-5) < gateMinNetBenefitBps (10),220856071878
2026-05-18,netBenefitBps (-5) < gateMinNetBenefitBps (10),199844920117
2026-05-19,netBenefitBps (-6) < gateMinNetBenefitBps (10),167261870776
2026-05-20,netBenefitBps (-5) < gateMinNetBenefitBps (10),208949141405
2026-05-21,netBenefitBps (-5) < gateMinNetBenefitBps (10),200918442640
2026-05-22,netBenefitBps (-5) < gateMinNetBenefitBps (10),201363756259
2026-05-23,netBenefitBps (-5) < gateMinNetBenefitBps (10),190298112893
2026-05-24,netBenefitBps (-5) < gateMinNetBenefitBps (10),205181046078
2026-05-25,netBenefitBps (-5) < gateMinNetBenefitBps (10),169267642729
2026-05-26,netBenefitBps (-6) < gateMinNetBenefitBps (10),166994060221
2026-05-27,netBenefitBps (-5) < gateMinNetBenefitBps (10),204994857315
2026-05-28,netBenefitBps (-6) < gateMinNetBenefitBps (10),122551514816
2026-05-29,netBenefitBps (-5) < gateMinNetBenefitBps (10),181425772149
2026-05-30,netBenefitBps (-5) < gateMinNetBenefitBps (10),180501445693
2026-05-31,netBenefitBps (-5) < gateMinNetBenefitBps (10),216085795018
