date,moved,action_count,move_cost,gross_benefit,net_benefit_bps,mandate_hit_adapter,mandate_type,targets
2024-01-02,125671551352,3,59268620,363586734,24,,,"{'aave_v3_usdc': 291019498639, 'compound_v3_usdc': 298979823948, 'dolomite_usdc': 260969675705}"
2024-01-03,61793939045,3,0,0,0,dolomite_usdc,rel,"{'aave_v3_usdc': 291094594922, 'compound_v3_usdc': 269014312341, 'dolomite_usdc': 176598200000}"
2024-01-04,126146675347,3,0,0,0,dolomite_usdc,rel,"{'aave_v3_usdc': 291256084072, 'compound_v3_usdc': 261255809233, 'dolomite_usdc': 207903569263}"
2024-01-05,102855861269,3,0,0,0,dolomite_usdc,rel,"{'aave_v3_usdc': 291377292649, 'compound_v3_usdc': 263267186641, 'dolomite_usdc': 225546340000}"
2024-01-06,89535959395,3,0,0,0,dolomite_usdc,rel,"{'aave_v3_usdc': 291520853460, 'compound_v3_usdc': 267404457932, 'dolomite_usdc': 213703150531}"
2024-01-07,100288365136,3,0,0,0,dolomite_usdc,rel,"{'aave_v3_usdc': 291614431151, 'compound_v3_usdc': 253659773278, 'dolomite_usdc': 206154940194}"
2024-01-08,87108702466,3,0,0,0,dolomite_usdc,rel,"{'aave_v3_usdc': 291682564804, 'compound_v3_usdc': 288332256271, 'dolomite_usdc': 214645118455}"
2024-01-09,84698427100,3,0,0,0,dolomite_usdc,rel,"{'aave_v3_usdc': 291739993134, 'compound_v3_usdc': 297313441947, 'dolomite_usdc': 235544443553}"
2024-01-10,79158355795,3,0,0,0,dolomite_usdc,rel,"{'aave_v3_usdc': 291808208305, 'compound_v3_usdc': 286450500726, 'dolomite_usdc': 255257886677}"
2024-01-11,73352588526,3,0,0,0,dolomite_usdc,rel,"{'aave_v3_usdc': 291884019244, 'compound_v3_usdc': 308495843216, 'dolomite_usdc': 249806390116}"
2024-01-12,195618664776,3,0,0,0,dolomite_usdc,rel,"{'aave_v3_usdc': 291963334499, 'compound_v3_usdc': 221051392391, 'dolomite_usdc': 48892850000}"
2024-01-13,272198047813,3,0,0,0,dolomite_usdc,rel,"{'aave_v3_usdc': 292068805477, 'compound_v3_usdc': 254682743936, 'dolomite_usdc': 236914180405}"
2024-01-14,97795228152,3,0,0,0,dolomite_usdc,rel,"{'aave_v3_usdc': 292170074063, 'compound_v3_usdc': 257281604001, 'dolomite_usdc': 208777695050}"
2024-01-15,155325182197,3,0,0,0,dolomite_usdc,rel,"{'aave_v3_usdc': 292249803873, 'compound_v3_usdc': 232316632474, 'dolomite_usdc': 118863315000}"
2024-01-16,164990882506,3,0,0,0,dolomite_usdc,rel,"{'aave_v3_usdc': 292365706668, 'compound_v3_usdc': 237332255271, 'dolomite_usdc': 143501800000}"
2024-01-17,176294330707,3,0,0,0,dolomite_usdc,rel,"{'aave_v3_usdc': 292489256188, 'compound_v3_usdc': 253842992610, 'dolomite_usdc': 231649580000}"
2024-01-18,93421044776,3,0,0,0,dolomite_usdc,rel,"{'aave_v3_usdc': 292623677515, 'compound_v3_usdc': 263916882965, 'dolomite_usdc': 211918015399}"
2024-01-19,140487379393,3,0,0,0,dolomite_usdc,rel,"{'aave_v3_usdc': 292707665607, 'compound_v3_usdc': 311045572619, 'dolomite_usdc': 307725875369}"
2024-01-20,80919455463,3,0,0,0,dolomite_usdc,rel,"{'aave_v3_usdc': 292781995351, 'compound_v3_usdc': 346141165323, 'dolomite_usdc': 225092379892}"
2024-01-21,75008487168,3,0,0,0,dolomite_usdc,rel,"{'aave_v3_usdc': 292842875904, 'compound_v3_usdc': 292196882246, 'dolomite_usdc': 229389147309}"
2024-01-23,58031731859,3,0,0,0,dolomite_usdc,rel,"{'aave_v3_usdc': 370327665372, 'compound_v3_usdc': 292941265778, 'dolomite_usdc': 282024956690}"
2024-01-24,97866720468,3,0,0,0,dolomite_usdc,rel,"{'aave_v3_usdc': 292985373254, 'compound_v3_usdc': 243296996781, 'dolomite_usdc': 224465648107}"
2024-01-27,71222660110,3,0,0,0,dolomite_usdc,rel,"{'aave_v3_usdc': 375764146930, 'compound_v3_usdc': 293127163592, 'dolomite_usdc': 303734290347}"
2024-01-28,23224077154,3,0,0,0,dolomite_usdc,rel,"{'aave_v3_usdc': 385387603158, 'compound_v3_usdc': 293167523502, 'dolomite_usdc': 275967750340}"
2024-01-29,27471717065,3,0,0,0,dolomite_usdc,rel,"{'aave_v3_usdc': 396735130081, 'compound_v3_usdc': 272027867000, 'dolomite_usdc': 301002751727}"
2024-01-30,15871606627,2,0,0,0,dolomite_usdc,rel,"{'aave_v3_usdc': 376485958736, 'compound_v3_usdc': 293267744335, 'dolomite_usdc': 303406354965}"
2024-01-31,91636361967,3,0,0,0,dolomite_usdc,rel,"{'aave_v3_usdc': 293312782752, 'compound_v3_usdc': 271595431366, 'dolomite_usdc': 234193090967}"
2024-02-01,52837812825,3,0,0,0,dolomite_usdc,rel,"{'aave_v3_usdc': 376831935926, 'compound_v3_usdc': 293380149145, 'dolomite_usdc': 286783523086}"
2024-02-02,92630588735,3,0,0,0,dolomite_usdc,rel,"{'aave_v3_usdc': 293426680876, 'compound_v3_usdc': 262624028930, 'dolomite_usdc': 224904602348}"
2024-02-03,133494994950,3,0,0,0,dolomite_usdc,rel,"{'aave_v3_usdc': 293502336369, 'compound_v3_usdc': 334417483175, 'dolomite_usdc': 323219793693}"
2024-02-04,58699662018,3,0,0,0,dolomite_usdc,abs,"{'aave_v3_usdc': 363213056645, 'compound_v3_usdc': 356755935638, 'dolomite_usdc': 288754380032}"
2024-02-07,46292858324,2,0,0,0,dolomite_usdc,rel,"{'aave_v3_usdc': 390510914378, 'compound_v3_usdc': 293657142280, 'dolomite_usdc': 286650554880}"
2024-02-08,8577809088,2,0,0,0,dolomite_usdc,rel,"{'aave_v3_usdc': 398045199008, 'compound_v3_usdc': 293705266753, 'dolomite_usdc': 278419644652}"
2024-02-09,146213843398,3,0,0,0,dolomite_usdc,rel,"{'aave_v3_usdc': 369297034371, 'compound_v3_usdc': 335476775619, 'dolomite_usdc': 47474322000}"
2024-02-18,69084190051,3,36633676,123410206,12,,,"{'aave_v3_usdc': 447297329630, 'compound_v3_usdc': 329379923718, 'dolomite_usdc': 105704624800}"
2024-02-20,96477264816,3,0,0,0,dolomite_usdc,rel,"{'aave_v3_usdc': 392523813419, 'compound_v3_usdc': 329158606219, 'dolomite_usdc': 46451020500}"
2024-02-22,243990790884,3,0,0,0,dolomite_usdc,rel,"{'aave_v3_usdc': 294533710594, 'compound_v3_usdc': 352701278301, 'dolomite_usdc': 270700228000}"
2024-02-23,116696210692,3,0,0,0,dolomite_usdc,rel,"{'aave_v3_usdc': 388107879560, 'compound_v3_usdc': 348517433197, 'dolomite_usdc': 91536882400}"
2024-02-25,82713163896,3,0,0,0,dolomite_usdc,rel,"{'aave_v3_usdc': 490740424959, 'compound_v3_usdc': 270540283811, 'dolomite_usdc': 35445982500}"
2024-02-27,217836614745,3,0,0,0,dolomite_usdc,rel,"{'aave_v3_usdc': 294903865300, 'compound_v3_usdc': 231814452218, 'dolomite_usdc': 85716960000}"
2024-02-28,219835032626,3,0,0,0,dolomite_usdc,rel,"{'aave_v3_usdc': 295002284564, 'compound_v3_usdc': 261499341755, 'dolomite_usdc': 204972640000}"
2024-02-29,89294638214,3,0,0,0,dolomite_usdc,rel,"{'aave_v3_usdc': 393463630484, 'compound_v3_usdc': 233593072000, 'dolomite_usdc': 252658238745}"
2024-03-01,166251966662,3,0,0,0,dolomite_usdc,rel,"{'aave_v3_usdc': 393539004607, 'compound_v3_usdc': 351988896308, 'dolomite_usdc': 122126104000}"
2024-03-02,69493314807,2,0,0,0,dolomite_usdc,rel,"{'aave_v3_usdc': 393661928932, 'compound_v3_usdc': 352337018242, 'dolomite_usdc': 79255208000}"
2024-03-03,118832607722,3,0,0,0,dolomite_usdc,rel,"{'aave_v3_usdc': 357423608087, 'compound_v3_usdc': 335395512956, 'dolomite_usdc': 33686402500}"
2024-03-04,220386057685,3,0,0,0,dolomite_usdc,rel,"{'aave_v3_usdc': 295438407771, 'compound_v3_usdc': 372773659519, 'dolomite_usdc': 228956084000}"
2024-03-05,94038509226,3,0,0,0,dolomite_usdc,rel,"{'aave_v3_usdc': 295609986918, 'compound_v3_usdc': 273187200102, 'dolomite_usdc': 208175580000}"
2024-03-06,100132415251,3,0,0,0,dolomite_usdc,rel,"{'aave_v3_usdc': 295695868579, 'compound_v3_usdc': 269811356076, 'dolomite_usdc': 199558100000}"
2024-03-07,125331622262,3,0,0,0,dolomite_usdc,rel,"{'aave_v3_usdc': 295844274282, 'compound_v3_usdc': 295670511935, 'dolomite_usdc': 224599780215}"
2024-03-08,89305091227,3,0,0,0,dolomite_usdc,rel,"{'aave_v3_usdc': 295943552676, 'compound_v3_usdc': 317262057496, 'dolomite_usdc': 217373843177}"
2024-03-09,110692718247,3,0,0,0,dolomite_usdc,rel,"{'aave_v3_usdc': 296053528555, 'compound_v3_usdc': 258335080588, 'dolomite_usdc': 190723728000}"
2024-03-10,141530442081,3,0,0,0,dolomite_usdc,rel,"{'aave_v3_usdc': 296186931432, 'compound_v3_usdc': 298078631270, 'dolomite_usdc': 230277958993}"
2024-03-11,124898436474,3,0,0,0,dolomite_usdc,rel,"{'aave_v3_usdc': 404217717214, 'compound_v3_usdc': 151328768800, 'dolomite_usdc': 299013156397}"
2024-03-12,22820341979,3,0,0,0,dolomite_usdc,rel,"{'aave_v3_usdc': 373697165188, 'compound_v3_usdc': 263992484000, 'dolomite_usdc': 305844844573}"
2024-03-13,69354758308,2,0,0,0,dolomite_usdc,rel,"{'aave_v3_usdc': 296561243408, 'compound_v3_usdc': 307221440038, 'dolomite_usdc': 246062560137}"
2024-03-14,82308461239,3,0,0,0,dolomite_usdc,rel,"{'aave_v3_usdc': 296685275741, 'compound_v3_usdc': 280706615031, 'dolomite_usdc': 266023813519}"
2024-03-15,38054514774,3,0,0,0,dolomite_usdc,rel,"{'aave_v3_usdc': 395760193796, 'compound_v3_usdc': 255535539000, 'dolomite_usdc': 290933235774}"
2024-03-16,97663401864,3,0,0,0,dolomite_usdc,rel,"{'aave_v3_usdc': 296891864291, 'compound_v3_usdc': 255903526999, 'dolomite_usdc': 244781722995}"
2024-03-17,31307451201,3,0,0,0,dolomite_usdc,rel,"{'aave_v3_usdc': 455204776756, 'compound_v3_usdc': 300441277863, 'dolomite_usdc': 265119265583}"
2024-03-18,84720758477,3,0,0,0,dolomite_usdc,rel,"{'aave_v3_usdc': 297130224205, 'compound_v3_usdc': 294300669298, 'dolomite_usdc': 260193652107}"
2024-03-19,82536301274,3,0,0,0,dolomite_usdc,rel,"{'aave_v3_usdc': 385220247376, 'compound_v3_usdc': 370305859649, 'dolomite_usdc': 201557852000}"
2024-03-20,101725998049,3,0,0,0,dolomite_usdc,rel,"{'aave_v3_usdc': 297315592319, 'compound_v3_usdc': 300849552656, 'dolomite_usdc': 169000772000}"
2024-03-21,66307196442,2,0,0,0,dolomite_usdc,rel,"{'aave_v3_usdc': 455069935835, 'compound_v3_usdc': 306004115469, 'dolomite_usdc': 261120785469}"
2024-03-22,19743922399,3,0,0,0,dolomite_usdc,rel,"{'aave_v3_usdc': 433514864992, 'compound_v3_usdc': 297540918016, 'dolomite_usdc': 270397099089}"
2024-03-23,88420969844,3,0,0,0,dolomite_usdc,rel,"{'aave_v3_usdc': 297609387707, 'compound_v3_usdc': 293650173302, 'dolomite_usdc': 242816270086}"
2024-03-24,136624248688,3,0,0,0,dolomite_usdc,rel,"{'aave_v3_usdc': 297675467950, 'compound_v3_usdc': 411058298347, 'dolomite_usdc': 198163246366}"
2024-03-25,68783742493,3,0,0,0,dolomite_usdc,rel,"{'aave_v3_usdc': 297769910744, 'compound_v3_usdc': 349617007629, 'dolomite_usdc': 209401755740}"
2024-03-26,75560409253,3,0,0,0,dolomite_usdc,rel,"{'aave_v3_usdc': 297856084323, 'compound_v3_usdc': 331666745097, 'dolomite_usdc': 227355506438}"
2024-03-27,91910521198,3,0,0,0,dolomite_usdc,rel,"{'aave_v3_usdc': 297934439730, 'compound_v3_usdc': 385344181107, 'dolomite_usdc': 212794368413}"
2024-03-28,121279779006,3,0,0,0,dolomite_usdc,rel,"{'aave_v3_usdc': 421375378610, 'compound_v3_usdc': 305020874453, 'dolomite_usdc': 97471032000}"
2024-03-29,105258346671,3,0,0,0,dolomite_usdc,rel,"{'aave_v3_usdc': 395377371899, 'compound_v3_usdc': 320891922464, 'dolomite_usdc': 46350528500}"
2024-03-30,244678422361,3,0,0,0,dolomite_usdc,rel,"{'aave_v3_usdc': 396125917290, 'compound_v3_usdc': 249681783000, 'dolomite_usdc': 259438909099}"
2024-03-31,95882476777,3,0,0,0,dolomite_usdc,rel,"{'aave_v3_usdc': 386305278615, 'compound_v3_usdc': 150650079200, 'dolomite_usdc': 274175277340}"
2024-04-01,180489486121,3,0,0,0,dolomite_usdc,rel,"{'aave_v3_usdc': 298322422743, 'compound_v3_usdc': 329143140314, 'dolomite_usdc': 278900106434}"
2024-04-02,55997911699,3,0,0,0,dolomite_usdc,rel,"{'aave_v3_usdc': 298445744823, 'compound_v3_usdc': 369248155524, 'dolomite_usdc': 274577031205}"
2024-04-03,125992315670,3,0,0,0,dolomite_usdc,rel,"{'aave_v3_usdc': 298524642853, 'compound_v3_usdc': 239766963070, 'dolomite_usdc': 184288748000}"
2024-04-04,120566690739,2,0,0,0,dolomite_usdc,rel,"{'aave_v3_usdc': 298624834628, 'compound_v3_usdc': 252598876483, 'dolomite_usdc': 186534492000}"
2024-04-05,121901303757,3,0,0,0,dolomite_usdc,rel,"{'aave_v3_usdc': 298728512616, 'compound_v3_usdc': 252789251342, 'dolomite_usdc': 179910168000}"
2024-04-06,146221175763,3,0,0,0,dolomite_usdc,rel,"{'aave_v3_usdc': 298834154905, 'compound_v3_usdc': 258835983816, 'dolomite_usdc': 234830792000}"
2024-04-07,101503422550,3,0,0,0,dolomite_usdc,rel,"{'aave_v3_usdc': 298919396872, 'compound_v3_usdc': 262376801121, 'dolomite_usdc': 218522376000}"
2024-04-08,136331349206,3,0,0,0,dolomite_usdc,rel,"{'aave_v3_usdc': 299009804737, 'compound_v3_usdc': 285914666362, 'dolomite_usdc': 165525844000}"
2024-04-09,201721924136,3,0,0,0,dolomite_usdc,rel,"{'aave_v3_usdc': 299141718441, 'compound_v3_usdc': 326312979866, 'dolomite_usdc': 324873666155}"
2024-04-10,90191916150,3,0,0,0,dolomite_usdc,abs,"{'aave_v3_usdc': 366177328781, 'compound_v3_usdc': 214202287000, 'dolomite_usdc': 297486945286}"
2024-04-11,131792140762,2,0,0,0,dolomite_usdc,rel,"{'aave_v3_usdc': 299272252922, 'compound_v3_usdc': 359882590655, 'dolomite_usdc': 294468092897}"
2024-04-12,80930243733,3,0,0,0,dolomite_usdc,rel,"{'aave_v3_usdc': 299343250350, 'compound_v3_usdc': 339014885418, 'dolomite_usdc': 177018792000}"
2024-04-13,116647731970,3,0,0,0,dolomite_usdc,rel,"{'aave_v3_usdc': 299444215154, 'compound_v3_usdc': 282110234328, 'dolomite_usdc': 162717112000}"
2024-04-14,178837925318,3,0,0,0,dolomite_usdc,rel,"{'aave_v3_usdc': 299525877891, 'compound_v3_usdc': 342687755890, 'dolomite_usdc': 279997205173}"
2024-04-15,38684922983,2,0,0,0,dolomite_usdc,rel,"{'aave_v3_usdc': 299594247597, 'compound_v3_usdc': 342971905007, 'dolomite_usdc': 258560872000}"
2024-04-16,51638674580,3,0,0,0,dolomite_usdc,rel,"{'aave_v3_usdc': 299660583057, 'compound_v3_usdc': 329280592901, 'dolomite_usdc': 246054856000}"
2024-04-17,52920248503,1,0,0,0,dolomite_usdc,rel,"{'aave_v3_usdc': 299722371696, 'compound_v3_usdc': 329418558587, 'dolomite_usdc': 248622252000}"
2024-04-18,63311519376,3,0,0,0,dolomite_usdc,rel,"{'aave_v3_usdc': 299784268081, 'compound_v3_usdc': 317947345009, 'dolomite_usdc': 234322512000}"
2024-04-19,76778046308,3,0,0,0,dolomite_usdc,rel,"{'aave_v3_usdc': 299844382802, 'compound_v3_usdc': 310622595229, 'dolomite_usdc': 214850344000}"
2024-04-20,81211563797,3,0,0,0,dolomite_usdc,rel,"{'aave_v3_usdc': 299901533395, 'compound_v3_usdc': 306940235759, 'dolomite_usdc': 209795092000}"
2024-04-21,82642031206,1,0,0,0,dolomite_usdc,rel,"{'aave_v3_usdc': 299959942179, 'compound_v3_usdc': 307443120095, 'dolomite_usdc': 213185048000}"
2024-04-22,110546425739,3,0,0,0,dolomite_usdc,rel,"{'aave_v3_usdc': 300017835439, 'compound_v3_usdc': 278938346041, 'dolomite_usdc': 179390636000}"
2024-04-23,111699336563,2,0,0,0,dolomite_usdc,rel,"{'aave_v3_usdc': 300089691729, 'compound_v3_usdc': 291147052764, 'dolomite_usdc': 193262412000}"
2024-04-24,157884376239,3,0,0,0,dolomite_usdc,rel,"{'aave_v3_usdc': 300156502958, 'compound_v3_usdc': 310636433269, 'dolomite_usdc': 294540888000}"
2024-04-25,47319803394,3,0,0,0,dolomite_usdc,rel,"{'aave_v3_usdc': 300222357930, 'compound_v3_usdc': 314213041886, 'dolomite_usdc': 311220536725}"
2024-04-26,50971657319,3,0,0,0,dolomite_usdc,rel,"{'aave_v3_usdc': 300288644430, 'compound_v3_usdc': 327254475100, 'dolomite_usdc': 276794156000}"
2024-04-27,42370433801,3,0,0,0,dolomite_usdc,rel,"{'aave_v3_usdc': 300354254241, 'compound_v3_usdc': 331558195209, 'dolomite_usdc': 272362420000}"
2024-04-28,54900364845,3,0,0,0,dolomite_usdc,rel,"{'aave_v3_usdc': 300418087484, 'compound_v3_usdc': 327189048541, 'dolomite_usdc': 243338468000}"
2024-04-29,71071632128,2,0,0,0,dolomite_usdc,rel,"{'aave_v3_usdc': 300479324016, 'compound_v3_usdc': 326875361502, 'dolomite_usdc': 275403176000}"
2024-04-30,70754635157,3,0,0,0,dolomite_usdc,rel,"{'aave_v3_usdc': 300543297424, 'compound_v3_usdc': 338721171126, 'dolomite_usdc': 327048254890}"
2024-05-01,12356492342,2,0,0,0,dolomite_usdc,abs,"{'aave_v3_usdc': 300607656942, 'compound_v3_usdc': 337416768335, 'dolomite_usdc': 335660465499}"
2024-05-02,17425248455,3,0,0,0,dolomite_usdc,abs,"{'aave_v3_usdc': 300670855536, 'compound_v3_usdc': 350404411961, 'dolomite_usdc': 323124327987}"
2024-05-03,13579782147,3,0,0,0,dolomite_usdc,abs,"{'aave_v3_usdc': 300730128101, 'compound_v3_usdc': 339931378473, 'dolomite_usdc': 330526162468}"
2024-05-04,12906775909,3,0,0,0,dolomite_usdc,abs,"{'aave_v3_usdc': 300792256948, 'compound_v3_usdc': 330937670177, 'dolomite_usdc': 324424370201}"
2024-05-05,13143367268,1,0,0,0,dolomite_usdc,abs,"{'aave_v3_usdc': 300857798585, 'compound_v3_usdc': 331216596882, 'dolomite_usdc': 324805285922}"
2024-05-06,32054125007,3,0,0,0,dolomite_usdc,abs,"{'aave_v3_usdc': 300923885280, 'compound_v3_usdc': 338805924640, 'dolomite_usdc': 293611117232}"
2024-05-07,28458431581,2,0,0,0,dolomite_usdc,rel,"{'aave_v3_usdc': 300985099497, 'compound_v3_usdc': 340150163073, 'dolomite_usdc': 300321144587}"
2024-05-08,24989924907,2,0,0,0,dolomite_usdc,rel,"{'aave_v3_usdc': 301046727165, 'compound_v3_usdc': 340323283092, 'dolomite_usdc': 309177856454}"
2024-05-09,18098645327,1,0,0,0,dolomite_usdc,rel,"{'aave_v3_usdc': 301107031310, 'compound_v3_usdc': 342841017687, 'dolomite_usdc': 307760092545}"
2024-05-10,17632764819,1,0,0,0,dolomite_usdc,rel,"{'aave_v3_usdc': 301166973014, 'compound_v3_usdc': 340562731522, 'dolomite_usdc': 306195914845}"
2024-05-11,22311902458,3,0,0,0,dolomite_usdc,rel,"{'aave_v3_usdc': 301226901654, 'compound_v3_usdc': 334902571650, 'dolomite_usdc': 309953106498}"
2024-05-12,19751739264,1,0,0,0,dolomite_usdc,rel,"{'aave_v3_usdc': 301287128543, 'compound_v3_usdc': 336659928169, 'dolomite_usdc': 309528306766}"
2024-05-13,23716716224,3,0,0,0,dolomite_usdc,rel,"{'aave_v3_usdc': 301347639648, 'compound_v3_usdc': 332688056014, 'dolomite_usdc': 316944412018}"
2024-05-14,19319672792,1,0,0,0,dolomite_usdc,rel,"{'aave_v3_usdc': 301409156798, 'compound_v3_usdc': 329648038519, 'dolomite_usdc': 319806252328}"
2024-05-15,19412051631,2,0,0,0,dolomite_usdc,abs,"{'aave_v3_usdc': 301470433209, 'compound_v3_usdc': 325466684647, 'dolomite_usdc': 318420605514}"
2024-05-16,24016069385,2,0,0,0,dolomite_usdc,rel,"{'aave_v3_usdc': 301535230463, 'compound_v3_usdc': 327162174146, 'dolomite_usdc': 326125866974}"
2024-05-17,16767864216,1,0,0,0,dolomite_usdc,abs,"{'aave_v3_usdc': 301598049191, 'compound_v3_usdc': 328888768631, 'dolomite_usdc': 323913457917}"
2024-05-18,22526735036,3,0,0,0,dolomite_usdc,abs,"{'aave_v3_usdc': 301661948240, 'compound_v3_usdc': 337667088158, 'dolomite_usdc': 317865303130}"
2024-05-19,69043834832,3,0,0,0,dolomite_usdc,rel,"{'aave_v3_usdc': 405765824990, 'compound_v3_usdc': 301727695595, 'dolomite_usdc': 292321456848}"
2024-05-20,79446304602,3,0,0,0,dolomite_usdc,rel,"{'aave_v3_usdc': 301818528998, 'compound_v3_usdc': 335178948915, 'dolomite_usdc': 313808827134}"
2024-05-21,68976225369,3,0,0,0,dolomite_usdc,rel,"{'aave_v3_usdc': 301887497181, 'compound_v3_usdc': 344663423606, 'dolomite_usdc': 219873780000}"
2024-05-22,143894190574,3,0,0,0,dolomite_usdc,rel,"{'aave_v3_usdc': 437208070237, 'compound_v3_usdc': 153070345600, 'dolomite_usdc': 300087495502}"
2024-05-23,196377716370,3,0,0,0,dolomite_usdc,rel,"{'aave_v3_usdc': 302111701983, 'compound_v3_usdc': 305464438965, 'dolomite_usdc': 187390420000}"
2024-05-24,144962742031,3,0,0,0,dolomite_usdc,rel,"{'aave_v3_usdc': 302231757804, 'compound_v3_usdc': 328366218405, 'dolomite_usdc': 275491050683}"
2024-05-25,51265466252,3,0,0,0,dolomite_usdc,rel,"{'aave_v3_usdc': 302317012148, 'compound_v3_usdc': 314223203657, 'dolomite_usdc': 267874424000}"
2024-05-26,68457205956,3,0,0,0,dolomite_usdc,rel,"{'aave_v3_usdc': 302404209542, 'compound_v3_usdc': 307526991887, 'dolomite_usdc': 240384624000}"
2024-05-27,73529933466,2,0,0,0,dolomite_usdc,rel,"{'aave_v3_usdc': 302509773461, 'compound_v3_usdc': 310857279078, 'dolomite_usdc': 247458252000}"
2024-05-28,88047017738,3,0,0,0,dolomite_usdc,rel,"{'aave_v3_usdc': 302608500987, 'compound_v3_usdc': 319934691074, 'dolomite_usdc': 287966616000}"
2024-05-29,51634362787,3,0,0,0,dolomite_usdc,rel,"{'aave_v3_usdc': 302696983936, 'compound_v3_usdc': 333865612109, 'dolomite_usdc': 276019155165}"
2024-05-30,81993376567,3,0,0,0,dolomite_usdc,rel,"{'aave_v3_usdc': 302778919339, 'compound_v3_usdc': 290975672273, 'dolomite_usdc': 230712172000}"
2024-05-31,114362979972,3,0,0,0,dolomite_usdc,rel,"{'aave_v3_usdc': 302891757846, 'compound_v3_usdc': 304409851024, 'dolomite_usdc': 282339095751}"
2024-06-01,84878665080,3,0,0,0,dolomite_usdc,rel,"{'aave_v3_usdc': 302965688900, 'compound_v3_usdc': 281887346491, 'dolomite_usdc': 234452880000}"
2024-06-02,123304948173,3,0,0,0,dolomite_usdc,rel,"{'aave_v3_usdc': 303064220454, 'compound_v3_usdc': 318509646893, 'dolomite_usdc': 274972357030}"
2024-06-03,55927507396,3,0,0,0,dolomite_usdc,rel,"{'aave_v3_usdc': 303143269792, 'compound_v3_usdc': 327865044250, 'dolomite_usdc': 284837315214}"
2024-06-04,51967233234,3,0,0,0,dolomite_usdc,rel,"{'aave_v3_usdc': 303234333192, 'compound_v3_usdc': 348216003061, 'dolomite_usdc': 294852760449}"
2024-06-05,50679573635,3,0,0,0,dolomite_usdc,rel,"{'aave_v3_usdc': 303315012979, 'compound_v3_usdc': 317209585047, 'dolomite_usdc': 268319905328}"
2024-06-06,195236216371,3,87094486,475291631,19,,,"{'aave_v3_usdc': 303427218705, 'compound_v3_usdc': 265421562527, 'dolomite_usdc': 31248744000}"
2024-06-07,248811112918,3,0,0,0,dolomite_usdc,rel,"{'aave_v3_usdc': 303495776064, 'compound_v3_usdc': 267958290231, 'dolomite_usdc': 161782420000}"
2024-06-08,135315875251,3,0,0,0,dolomite_usdc,rel,"{'aave_v3_usdc': 303603217007, 'compound_v3_usdc': 269853943015, 'dolomite_usdc': 176954772000}"
2024-06-09,165084527115,3,0,0,0,dolomite_usdc,rel,"{'aave_v3_usdc': 303704777168, 'compound_v3_usdc': 250110725271, 'dolomite_usdc': 107491520000}"
2024-06-10,208658675582,3,0,0,0,dolomite_usdc,rel,"{'aave_v3_usdc': 303799316711, 'compound_v3_usdc': 288063966124, 'dolomite_usdc': 232793792000}"
2024-06-11,146849834585,3,0,0,0,dolomite_usdc,rel,"{'aave_v3_usdc': 303868149947, 'compound_v3_usdc': 254840757110, 'dolomite_usdc': 139600848000}"
2024-06-12,202804896859,3,0,0,0,dolomite_usdc,rel,"{'aave_v3_usdc': 303965777064, 'compound_v3_usdc': 310473071169, 'dolomite_usdc': 307339089966}"
2024-06-13,77091355023,3,0,0,0,dolomite_usdc,rel,"{'aave_v3_usdc': 304032691673, 'compound_v3_usdc': 309840982221, 'dolomite_usdc': 224490204000}"
2024-06-14,91183489223,2,0,0,0,dolomite_usdc,rel,"{'aave_v3_usdc': 304091631690, 'compound_v3_usdc': 312618561645, 'dolomite_usdc': 255481316000}"
2024-06-15,74240369054,3,0,0,0,dolomite_usdc,rel,"{'aave_v3_usdc': 304152949878, 'compound_v3_usdc': 309096295468, 'dolomite_usdc': 231209200000}"
2024-06-16,85417864282,2,0,0,0,dolomite_usdc,rel,"{'aave_v3_usdc': 304211610888, 'compound_v3_usdc': 312428222186, 'dolomite_usdc': 256930884000}"
2024-06-17,82361950824,2,0,0,0,dolomite_usdc,rel,"{'aave_v3_usdc': 304272754218, 'compound_v3_usdc': 316851769466, 'dolomite_usdc': 300224894435}"
2024-06-18,42646387520,2,0,0,0,dolomite_usdc,rel,"{'aave_v3_usdc': 304336703772, 'compound_v3_usdc': 329469585063, 'dolomite_usdc': 299555838610}"
2024-06-19,106807557237,3,0,0,0,dolomite_usdc,rel,"{'aave_v3_usdc': 304401121716, 'compound_v3_usdc': 277049970236, 'dolomite_usdc': 198683160000}"
2024-06-20,155168521856,3,0,0,0,dolomite_usdc,rel,"{'aave_v3_usdc': 304476953315, 'compound_v3_usdc': 329202849884, 'dolomite_usdc': 317064410410}"
2024-06-21,43145113378,3,0,0,0,dolomite_usdc,rel,"{'aave_v3_usdc': 304539382443, 'compound_v3_usdc': 334432290893, 'dolomite_usdc': 279269280784}"
2024-06-22,44234414837,3,0,0,0,dolomite_usdc,rel,"{'aave_v3_usdc': 304591567486, 'compound_v3_usdc': 330825393002, 'dolomite_usdc': 288215919916}"
2024-06-23,50421663632,3,0,0,0,dolomite_usdc,rel,"{'aave_v3_usdc': 304642582298, 'compound_v3_usdc': 315697980019, 'dolomite_usdc': 303237595401}"
2024-06-24,40752143105,3,0,0,0,dolomite_usdc,rel,"{'aave_v3_usdc': 304691330821, 'compound_v3_usdc': 310900011379, 'dolomite_usdc': 297601156059}"
2024-06-25,44447615558,3,0,0,0,dolomite_usdc,rel,"{'aave_v3_usdc': 304745453678, 'compound_v3_usdc': 318318451914, 'dolomite_usdc': 304177948127}"
2024-06-26,36942955956,2,0,0,0,dolomite_usdc,rel,"{'aave_v3_usdc': 304797967026, 'compound_v3_usdc': 313941877754, 'dolomite_usdc': 302419152845}"
2024-06-27,39673608287,2,0,0,0,dolomite_usdc,rel,"{'aave_v3_usdc': 304852517138, 'compound_v3_usdc': 314102835158, 'dolomite_usdc': 296920425229}"
2024-06-28,45906041048,3,0,0,0,dolomite_usdc,rel,"{'aave_v3_usdc': 304909444744, 'compound_v3_usdc': 320868072995, 'dolomite_usdc': 303158502669}"
2024-06-29,39495691694,3,0,0,0,dolomite_usdc,rel,"{'aave_v3_usdc': 304964966831, 'compound_v3_usdc': 317289902860, 'dolomite_usdc': 312153726699}"
2024-06-30,46364663378,3,0,0,0,dolomite_usdc,rel,"{'aave_v3_usdc': 305022573881, 'compound_v3_usdc': 330736242214, 'dolomite_usdc': 330421754503}"
2024-07-01,42336432350,3,0,0,0,dolomite_usdc,abs,"{'aave_v3_usdc': 305084122515, 'compound_v3_usdc': 351283937346, 'dolomite_usdc': 295917394385}"
2024-07-02,46602348028,3,0,0,0,dolomite_usdc,rel,"{'aave_v3_usdc': 305138869004, 'compound_v3_usdc': 324707532035, 'dolomite_usdc': 273106722681}"
2024-07-03,65348196507,3,0,0,0,dolomite_usdc,rel,"{'aave_v3_usdc': 305204420124, 'compound_v3_usdc': 349429309722, 'dolomite_usdc': 286068366140}"
2024-07-06,46780275106,3,0,0,0,dolomite_usdc,rel,"{'aave_v3_usdc': 398672935869, 'compound_v3_usdc': 305349362872, 'dolomite_usdc': 274527086137}"
2024-07-07,12755071542,2,0,0,0,dolomite_usdc,rel,"{'aave_v3_usdc': 392747116276, 'compound_v3_usdc': 305392789672, 'dolomite_usdc': 275825607048}"
2024-07-08,15321608254,3,0,0,0,dolomite_usdc,rel,"{'aave_v3_usdc': 390216152510, 'compound_v3_usdc': 305435000808, 'dolomite_usdc': 280930434253}"
2024-07-09,80089321658,2,0,0,0,dolomite_usdc,rel,"{'aave_v3_usdc': 305477616925, 'compound_v3_usdc': 378931016267, 'dolomite_usdc': 281284619723}"
2024-07-10,62826546984,2,0,0,0,dolomite_usdc,rel,"{'aave_v3_usdc': 388751032456, 'compound_v3_usdc': 305521137586, 'dolomite_usdc': 280799638246}"
2024-07-11,76086981084,3,0,0,0,dolomite_usdc,rel,"{'aave_v3_usdc': 305565698512, 'compound_v3_usdc': 366190430285, 'dolomite_usdc': 285748253744}"
2024-07-12,23504935413,2,0,0,0,dolomite_usdc,rel,"{'aave_v3_usdc': 305615452506, 'compound_v3_usdc': 364605991869, 'dolomite_usdc': 291180584690}"
2024-07-13,20752088523,2,0,0,0,dolomite_usdc,rel,"{'aave_v3_usdc': 305664142719, 'compound_v3_usdc': 364837709773, 'dolomite_usdc': 286260512275}"
2024-07-14,27575961448,3,0,0,0,dolomite_usdc,rel,"{'aave_v3_usdc': 305713669797, 'compound_v3_usdc': 372919193499, 'dolomite_usdc': 280346127995}"
2024-07-15,29910789504,3,0,0,0,dolomite_usdc,rel,"{'aave_v3_usdc': 305762844874, 'compound_v3_usdc': 383068218307, 'dolomite_usdc': 269776712316}"
2024-07-16,27595250019,3,0,0,0,dolomite_usdc,rel,"{'aave_v3_usdc': 305814194962, 'compound_v3_usdc': 376577953517, 'dolomite_usdc': 278938846954}"
2024-07-17,22526080317,2,0,0,0,dolomite_usdc,rel,"{'aave_v3_usdc': 305864862334, 'compound_v3_usdc': 369634358476, 'dolomite_usdc': 280064257957}"
2024-07-18,24526372142,1,0,0,0,dolomite_usdc,rel,"{'aave_v3_usdc': 305916262385, 'compound_v3_usdc': 372325147197, 'dolomite_usdc': 283581169723}"
2024-07-19,23878602797,2,0,0,0,dolomite_usdc,rel,"{'aave_v3_usdc': 305965986115, 'compound_v3_usdc': 383074076280, 'dolomite_usdc': 283493744071}"
2024-07-20,16557944269,2,0,0,0,dolomite_usdc,rel,"{'aave_v3_usdc': 306012171453, 'compound_v3_usdc': 378083772767, 'dolomite_usdc': 285324415999}"
2024-07-21,49297174924,3,0,0,0,dolomite_usdc,rel,"{'aave_v3_usdc': 306058165701, 'compound_v3_usdc': 315450252564, 'dolomite_usdc': 279056192081}"
2024-07-22,50380976708,1,0,0,0,dolomite_usdc,rel,"{'aave_v3_usdc': 306138214662, 'compound_v3_usdc': 316584884578, 'dolomite_usdc': 280602155922}"
2024-07-23,70991600058,3,0,0,0,dolomite_usdc,rel,"{'aave_v3_usdc': 306219374707, 'compound_v3_usdc': 353503006535, 'dolomite_usdc': 289832473950}"
2024-07-24,46986989056,3,0,0,0,dolomite_usdc,rel,"{'aave_v3_usdc': 306278813114, 'compound_v3_usdc': 319920105345, 'dolomite_usdc': 279706390228}"
2024-07-25,72897975626,3,0,0,0,dolomite_usdc,rel,"{'aave_v3_usdc': 306354579833, 'compound_v3_usdc': 356432198033, 'dolomite_usdc': 295254322979}"
2024-07-26,30735381390,2,0,0,0,dolomite_usdc,rel,"{'aave_v3_usdc': 306406816902, 'compound_v3_usdc': 338589338603, 'dolomite_usdc': 293830250296}"
2024-07-27,53640559865,3,0,0,0,dolomite_usdc,rel,"{'aave_v3_usdc': 306468126581, 'compound_v3_usdc': 370221030672, 'dolomite_usdc': 308183993099}"
2024-07-28,15053831225,3,0,0,0,dolomite_usdc,rel,"{'aave_v3_usdc': 306520158894, 'compound_v3_usdc': 360170870442, 'dolomite_usdc': 312660761471}"
2024-07-29,17161477046,3,0,0,0,dolomite_usdc,rel,"{'aave_v3_usdc': 306571109903, 'compound_v3_usdc': 364060160732, 'dolomite_usdc': 321911372224}"
2024-07-30,56503218111,2,0,0,0,dolomite_usdc,rel,"{'aave_v3_usdc': 368547963507, 'compound_v3_usdc': 306622842118, 'dolomite_usdc': 318909390212}"
2024-07-31,7593155776,2,0,0,0,dolomite_usdc,rel,"{'aave_v3_usdc': 370786549874, 'compound_v3_usdc': 306674519967, 'dolomite_usdc': 315453139219}"
2024-08-01,49629738308,2,0,0,0,dolomite_usdc,rel,"{'aave_v3_usdc': 306725907784, 'compound_v3_usdc': 316064680819, 'dolomite_usdc': 280536396150}"
2024-08-02,63073390376,3,0,0,0,dolomite_usdc,rel,"{'aave_v3_usdc': 306810870204, 'compound_v3_usdc': 297035277881, 'dolomite_usdc': 271623314100}"
2024-08-03,71963443719,3,0,0,0,dolomite_usdc,rel,"{'aave_v3_usdc': 306945076636, 'compound_v3_usdc': 343931655691, 'dolomite_usdc': 281686356041}"
2024-08-04,54617724526,3,0,0,0,dolomite_usdc,rel,"{'aave_v3_usdc': 306993897874, 'compound_v3_usdc': 318630341240, 'dolomite_usdc': 267354067782}"
2024-08-05,66442440145,3,0,0,0,dolomite_usdc,rel,"{'aave_v3_usdc': 307047950904, 'compound_v3_usdc': 309083639704, 'dolomite_usdc': 281541533196}"
2024-08-06,52809196078,3,0,0,0,dolomite_usdc,rel,"{'aave_v3_usdc': 307082521374, 'compound_v3_usdc': 312601166753, 'dolomite_usdc': 286005794024}"
2024-08-09,68531819637,3,0,0,0,dolomite_usdc,rel,"{'aave_v3_usdc': 307194008833, 'compound_v3_usdc': 333968735308, 'dolomite_usdc': 313168279774}"
2024-08-10,28048653215,2,0,0,0,dolomite_usdc,rel,"{'aave_v3_usdc': 307232545854, 'compound_v3_usdc': 331020741680, 'dolomite_usdc': 317822147514}"
2024-08-11,25127513808,1,0,0,0,dolomite_usdc,rel,"{'aave_v3_usdc': 307271282407, 'compound_v3_usdc': 332752110560, 'dolomite_usdc': 319551852286}"
2024-08-12,22806912349,1,0,0,0,dolomite_usdc,rel,"{'aave_v3_usdc': 307309824928, 'compound_v3_usdc': 330892773642, 'dolomite_usdc': 319803165844}"
2024-08-13,25160211873,2,0,0,0,dolomite_usdc,rel,"{'aave_v3_usdc': 307349231529, 'compound_v3_usdc': 335510799526, 'dolomite_usdc': 319347968189}"
2024-08-14,24682012429,2,0,0,0,dolomite_usdc,rel,"{'aave_v3_usdc': 307388433271, 'compound_v3_usdc': 332245122326, 'dolomite_usdc': 324321947708}"
2024-08-15,20676275506,1,0,0,0,dolomite_usdc,rel,"{'aave_v3_usdc': 307427889216, 'compound_v3_usdc': 332532337176, 'dolomite_usdc': 322811023220}"
2024-08-16,22890080578,2,0,0,0,dolomite_usdc,rel,"{'aave_v3_usdc': 307468303710, 'compound_v3_usdc': 328982920106, 'dolomite_usdc': 324227304492}"
2024-08-17,27089950929,3,0,0,0,dolomite_usdc,rel,"{'aave_v3_usdc': 307507876154, 'compound_v3_usdc': 336601558971, 'dolomite_usdc': 327829838596}"
2024-08-18,20472717071,2,0,0,0,dolomite_usdc,abs,"{'aave_v3_usdc': 307546807811, 'compound_v3_usdc': 343548821581, 'dolomite_usdc': 325789990188}"
2024-08-19,16084664842,1,0,0,0,dolomite_usdc,abs,"{'aave_v3_usdc': 307586663822, 'compound_v3_usdc': 345179158642, 'dolomite_usdc': 329321004340}"
2024-08-20,14819964068,2,0,0,0,dolomite_usdc,abs,"{'aave_v3_usdc': 307625872957, 'compound_v3_usdc': 342791266201, 'dolomite_usdc': 334543974787}"
2024-08-21,11492045596,1,0,0,0,dolomite_usdc,abs,"{'aave_v3_usdc': 307664553180, 'compound_v3_usdc': 340156650572, 'dolomite_usdc': 335609949927}"
2024-08-22,13606967698,1,0,0,0,dolomite_usdc,abs,"{'aave_v3_usdc': 307703136090, 'compound_v3_usdc': 336921043164, 'dolomite_usdc': 332691023789}"
2024-08-23,15300985040,1,0,0,0,dolomite_usdc,abs,"{'aave_v3_usdc': 307743554335, 'compound_v3_usdc': 336224948691, 'dolomite_usdc': 330090614931}"
2024-08-24,19961286165,3,0,0,0,dolomite_usdc,abs,"{'aave_v3_usdc': 307786166147, 'compound_v3_usdc': 341772013223, 'dolomite_usdc': 326328276321}"
2024-08-25,20995462951,3,0,0,0,dolomite_usdc,abs,"{'aave_v3_usdc': 307827882412, 'compound_v3_usdc': 335576527760, 'dolomite_usdc': 333249073911}"
2024-08-26,24039555148,3,0,0,0,dolomite_usdc,abs,"{'aave_v3_usdc': 307871943357, 'compound_v3_usdc': 347615686000, 'dolomite_usdc': 325499497758}"
2024-08-27,18854072205,3,0,0,0,dolomite_usdc,abs,"{'aave_v3_usdc': 307915258590, 'compound_v3_usdc': 337610365682, 'dolomite_usdc': 329143648048}"
2024-08-28,17289414640,1,0,0,0,dolomite_usdc,abs,"{'aave_v3_usdc': 307957794801, 'compound_v3_usdc': 336175123784, 'dolomite_usdc': 326648750629}"
2024-08-29,20603468429,2,0,0,0,dolomite_usdc,abs,"{'aave_v3_usdc': 307999613911, 'compound_v3_usdc': 332270611276, 'dolomite_usdc': 329412597098}"
2024-08-30,22305341905,2,0,0,0,dolomite_usdc,abs,"{'aave_v3_usdc': 308041364281, 'compound_v3_usdc': 337820721392, 'dolomite_usdc': 326175381576}"
2024-08-31,20367213788,2,0,0,0,dolomite_usdc,abs,"{'aave_v3_usdc': 308081679939, 'compound_v3_usdc': 331651148638, 'dolomite_usdc': 325297678358}"
2024-09-01,23417069007,1,0,0,0,dolomite_usdc,rel,"{'aave_v3_usdc': 308122424011, 'compound_v3_usdc': 328517854527, 'dolomite_usdc': 328306044176}"
2024-09-02,21537383226,1,0,0,0,dolomite_usdc,abs,"{'aave_v3_usdc': 308161806059, 'compound_v3_usdc': 330539238362, 'dolomite_usdc': 328526984107}"
2024-09-03,21682003078,1,0,0,0,dolomite_usdc,abs,"{'aave_v3_usdc': 308201052380, 'compound_v3_usdc': 333229374754, 'dolomite_usdc': 326662235137}"
2024-09-04,34817577287,3,0,0,0,dolomite_usdc,abs,"{'aave_v3_usdc': 308238853164, 'compound_v3_usdc': 328079449956, 'dolomite_usdc': 300324585284}"
2024-09-05,41156658263,3,0,0,0,dolomite_usdc,rel,"{'aave_v3_usdc': 308274742505, 'compound_v3_usdc': 333414996023, 'dolomite_usdc': 307775838401}"
2024-09-12,40200173055,3,0,0,0,dolomite_usdc,rel,"{'aave_v3_usdc': 308480405529, 'compound_v3_usdc': 328157334255, 'dolomite_usdc': 300059856524}"
2024-09-13,36913443807,1,0,0,0,dolomite_usdc,rel,"{'aave_v3_usdc': 308511759155, 'compound_v3_usdc': 330629584696, 'dolomite_usdc': 301150744239}"
2024-09-14,43088961749,3,0,0,0,dolomite_usdc,rel,"{'aave_v3_usdc': 308543538003, 'compound_v3_usdc': 343567368122, 'dolomite_usdc': 307620041643}"
2024-09-15,27836943349,2,0,0,0,dolomite_usdc,rel,"{'aave_v3_usdc': 308573904138, 'compound_v3_usdc': 336601897900, 'dolomite_usdc': 308816864110}"
2024-09-16,29270633099,1,0,0,0,dolomite_usdc,rel,"{'aave_v3_usdc': 308604219599, 'compound_v3_usdc': 338331929592, 'dolomite_usdc': 312347188918}"
2024-09-17,24447998240,1,0,0,0,dolomite_usdc,rel,"{'aave_v3_usdc': 308634711481, 'compound_v3_usdc': 337835005516, 'dolomite_usdc': 312590191917}"
2024-09-18,28004673328,2,0,0,0,dolomite_usdc,rel,"{'aave_v3_usdc': 308665302361, 'compound_v3_usdc': 340838763081, 'dolomite_usdc': 317182664679}"
2024-09-19,24386598000,2,0,0,0,dolomite_usdc,rel,"{'aave_v3_usdc': 308695172646, 'compound_v3_usdc': 334433616682, 'dolomite_usdc': 315865760426}"
2024-09-20,26490648147,1,0,0,0,dolomite_usdc,rel,"{'aave_v3_usdc': 308727211774, 'compound_v3_usdc': 331464008800, 'dolomite_usdc': 314699823976}"
2024-09-21,29102679135,2,0,0,0,dolomite_usdc,rel,"{'aave_v3_usdc': 308764663893, 'compound_v3_usdc': 332598635412, 'dolomite_usdc': 318908391644}"
2024-09-22,26815444992,2,0,0,0,dolomite_usdc,rel,"{'aave_v3_usdc': 308801944151, 'compound_v3_usdc': 327299120209, 'dolomite_usdc': 318384358180}"
2024-09-23,31594943457,2,0,0,0,dolomite_usdc,rel,"{'aave_v3_usdc': 308838434864, 'compound_v3_usdc': 319058825197, 'dolomite_usdc': 317148293309}"
2024-09-24,33163259983,1,0,0,0,dolomite_usdc,rel,"{'aave_v3_usdc': 308880989357, 'compound_v3_usdc': 320907427797, 'dolomite_usdc': 318572011518}"
2024-09-25,41115000817,3,0,0,0,dolomite_usdc,rel,"{'aave_v3_usdc': 308923554226, 'compound_v3_usdc': 337301816703, 'dolomite_usdc': 312776566575}"
2024-09-26,35399001992,3,0,0,0,dolomite_usdc,rel,"{'aave_v3_usdc': 308968534566, 'compound_v3_usdc': 321954049977, 'dolomite_usdc': 318768488797}"
2024-09-27,49251564926,3,0,0,0,dolomite_usdc,rel,"{'aave_v3_usdc': 309014298580, 'compound_v3_usdc': 349542780251, 'dolomite_usdc': 306845667622}"
2024-09-28,39599160211,3,0,0,0,dolomite_usdc,rel,"{'aave_v3_usdc': 309063297707, 'compound_v3_usdc': 374843112356, 'dolomite_usdc': 296348054257}"
2024-09-29,48385263760,3,0,0,0,dolomite_usdc,rel,"{'aave_v3_usdc': 309119140419, 'compound_v3_usdc': 330111784998, 'dolomite_usdc': 319699504686}"
2024-09-30,29866872823,2,0,0,0,dolomite_usdc,rel,"{'aave_v3_usdc': 309166488277, 'compound_v3_usdc': 324072884693, 'dolomite_usdc': 323222857454}"
2024-10-01,35375345911,2,0,0,0,dolomite_usdc,rel,"{'aave_v3_usdc': 309217035827, 'compound_v3_usdc': 339110048918, 'dolomite_usdc': 326251284919}"
2024-10-02,41259332590,3,0,0,0,dolomite_usdc,rel,"{'aave_v3_usdc': 309262334009, 'compound_v3_usdc': 344261470771, 'dolomite_usdc': 283784540586}"
2024-10-03,42396556105,3,0,0,0,dolomite_usdc,rel,"{'aave_v3_usdc': 309304753468, 'compound_v3_usdc': 336761325269, 'dolomite_usdc': 288819608825}"
2024-10-04,45803149991,2,0,0,0,dolomite_usdc,rel,"{'aave_v3_usdc': 309347564810, 'compound_v3_usdc': 334362677274, 'dolomite_usdc': 303212195735}"
2024-10-05,38623332698,2,0,0,0,dolomite_usdc,rel,"{'aave_v3_usdc': 309391698775, 'compound_v3_usdc': 346851084218, 'dolomite_usdc': 301447830704}"
2024-10-06,41411646094,3,0,0,0,dolomite_usdc,rel,"{'aave_v3_usdc': 309431688566, 'compound_v3_usdc': 337784066397, 'dolomite_usdc': 322894340548}"
2024-10-07,27907504616,2,0,0,0,dolomite_usdc,rel,"{'aave_v3_usdc': 309475366142, 'compound_v3_usdc': 351340761062, 'dolomite_usdc': 320706144293}"
2024-10-08,32729101942,3,0,0,0,dolomite_usdc,rel,"{'aave_v3_usdc': 309526465749, 'compound_v3_usdc': 345087379834, 'dolomite_usdc': 290409539750}"
2024-10-09,52978880644,3,0,0,0,dolomite_usdc,rel,"{'aave_v3_usdc': 309566458407, 'compound_v3_usdc': 354707145055, 'dolomite_usdc': 321406804203}"
2024-10-10,93268681356,3,0,0,0,dolomite_usdc,rel,"{'aave_v3_usdc': 392538772513, 'compound_v3_usdc': 237016299000, 'dolomite_usdc': 310711091281}"
2024-10-11,117640934835,3,0,0,0,dolomite_usdc,rel,"{'aave_v3_usdc': 309666984995, 'compound_v3_usdc': 358370209601, 'dolomite_usdc': 315582914009}"
2024-10-12,28279101897,3,0,0,0,dolomite_usdc,rel,"{'aave_v3_usdc': 309721844539, 'compound_v3_usdc': 346582536543, 'dolomite_usdc': 298256838880}"
2024-10-13,43537009922,3,0,0,0,dolomite_usdc,rel,"{'aave_v3_usdc': 309765502816, 'compound_v3_usdc': 356319184470, 'dolomite_usdc': 319164898429}"
2024-10-14,20654185930,2,0,0,0,dolomite_usdc,rel,"{'aave_v3_usdc': 309819968129, 'compound_v3_usdc': 354074730420, 'dolomite_usdc': 332244559071}"
2024-10-15,271386045728,4,0,0,0,dolomite_usdc,abs,"{'aave_v3_usdc': 294279329929, 'compound_v3_usdc': 230937309000, 'dolomite_usdc': 127674659200, 'fluid_usdc': 248694258192}"
2024-10-18,95186064956,4,0,0,0,dolomite_usdc,rel,"{'aave_v3_usdc': 309044651921, 'compound_v3_usdc': 217121987000, 'dolomite_usdc': 84383326400, 'fluid_usdc': 230930951970}"
2024-10-21,162389588765,4,0,0,0,dolomite_usdc,rel,"{'aave_v3_usdc': 311612762404, 'compound_v3_usdc': 258628998149, 'dolomite_usdc': 248821138368, 'fluid_usdc': 246795602109}"
2024-10-22,123687017610,4,0,0,0,dolomite_usdc,rel,"{'aave_v3_usdc': 299729087080, 'compound_v3_usdc': 277124118577, 'dolomite_usdc': 38280128500, 'fluid_usdc': 240444358365}"
2024-10-26,82861715946,4,0,0,0,dolomite_usdc,rel,"{'aave_v3_usdc': 318359352154, 'compound_v3_usdc': 270029329860, 'dolomite_usdc': 39271032000, 'fluid_usdc': 237702626206}"
2024-10-28,193653500371,4,0,0,0,dolomite_usdc,rel,"{'aave_v3_usdc': 310538957053, 'compound_v3_usdc': 241222829769, 'dolomite_usdc': 205253455000, 'fluid_usdc': 201410389280}"
2024-10-29,95318529301,4,0,0,0,dolomite_usdc,rel,"{'aave_v3_usdc': 290465916463, 'compound_v3_usdc': 283417846432, 'dolomite_usdc': 261098957997, 'fluid_usdc': 232586311050}"
2024-11-04,54154706206,3,0,0,0,dolomite_usdc,rel,"{'aave_v3_usdc': 293076083870, 'compound_v3_usdc': 249730962000, 'dolomite_usdc': 195616602000, 'fluid_usdc': 239206519219}"
2024-11-05,68676007266,4,0,0,0,dolomite_usdc,rel,"{'aave_v3_usdc': 315247462564, 'compound_v3_usdc': 255811182745, 'dolomite_usdc': 129775524000, 'fluid_usdc': 242662509332}"
2024-11-08,97221892468,4,0,0,0,dolomite_usdc,rel,"{'aave_v3_usdc': 286325753332, 'compound_v3_usdc': 284293557100, 'dolomite_usdc': 81349399200, 'fluid_usdc': 231349497369}"
2024-11-09,73151477607,4,0,0,0,dolomite_usdc,rel,"{'aave_v3_usdc': 299749453009, 'compound_v3_usdc': 277284290578, 'dolomite_usdc': 46587208500, 'fluid_usdc': 246153994066}"
2024-11-10,176707265924,4,0,0,0,dolomite_usdc,rel,"{'aave_v3_usdc': 311294418619, 'compound_v3_usdc': 254328127845, 'dolomite_usdc': 213070976000, 'fluid_usdc': 217093719561}"
2024-11-11,134762033583,4,0,0,0,dolomite_usdc,rel,"{'aave_v3_usdc': 313276955648, 'compound_v3_usdc': 310066054155, 'dolomite_usdc': 32868983500, 'fluid_usdc': 198540742305}"
2024-11-12,210578322538,4,0,0,0,dolomite_usdc,rel,"{'aave_v3_usdc': 311438155985, 'compound_v3_usdc': 227470264318, 'dolomite_usdc': 221368708992, 'fluid_usdc': 212269898420}"
2024-11-13,125563378335,4,0,0,0,dolomite_usdc,rel,"{'aave_v3_usdc': 296738413129, 'compound_v3_usdc': 295453367674, 'dolomite_usdc': 40162898500, 'fluid_usdc': 227774307010}"
2024-11-14,201029619027,4,0,0,0,dolomite_usdc,rel,"{'aave_v3_usdc': 288535150774, 'compound_v3_usdc': 287249916250, 'dolomite_usdc': 267971398380, 'fluid_usdc': 227058099347}"
2024-11-15,97366582198,4,0,0,0,dolomite_usdc,rel,"{'aave_v3_usdc': 291520599347, 'compound_v3_usdc': 279842633405, 'dolomite_usdc': 96230363200, 'fluid_usdc': 239666145072}"
2024-11-16,157986518837,4,0,0,0,dolomite_usdc,rel,"{'aave_v3_usdc': 311772882590, 'compound_v3_usdc': 265542181653, 'dolomite_usdc': 242824287177, 'fluid_usdc': 217534555591}"
2024-11-17,106441243683,3,0,0,0,dolomite_usdc,rel,"{'aave_v3_usdc': 314313045466, 'compound_v3_usdc': 282806725873, 'dolomite_usdc': 44120692500, 'fluid_usdc': 228688727932}"
2024-11-18,177077901064,4,0,0,0,dolomite_usdc,rel,"{'aave_v3_usdc': 311868078333, 'compound_v3_usdc': 229369221332, 'dolomite_usdc': 171315580000, 'fluid_usdc': 205789207924}"
2024-11-19,105842781737,4,0,0,0,dolomite_usdc,rel,"{'aave_v3_usdc': 296045649713, 'compound_v3_usdc': 272349130848, 'dolomite_usdc': 251557472000, 'fluid_usdc': 233105122230}"
2024-11-20,105724934310,4,0,0,0,dolomite_usdc,rel,"{'aave_v3_usdc': 281068151238, 'compound_v3_usdc': 274738753939, 'dolomite_usdc': 80775081600, 'fluid_usdc': 254141393238}"
2024-11-21,152931323690,4,0,0,0,dolomite_usdc,rel,"{'aave_v3_usdc': 312146475914, 'compound_v3_usdc': 295042791640, 'dolomite_usdc': 230240665767, 'fluid_usdc': 215113017177}"
2024-11-22,22331477521,4,0,0,0,dolomite_usdc,rel,"{'aave_v3_usdc': 312226143787, 'compound_v3_usdc': 281810951051, 'dolomite_usdc': 237811526096, 'fluid_usdc': 211411871123}"
2024-11-23,91375849859,4,0,0,0,dolomite_usdc,rel,"{'aave_v3_usdc': 312310261662, 'compound_v3_usdc': 212649618705, 'dolomite_usdc': 160062028000, 'fluid_usdc': 205457531651}"
2024-11-24,97872384363,4,0,0,0,dolomite_usdc,rel,"{'aave_v3_usdc': 300354471906, 'compound_v3_usdc': 258689282381, 'dolomite_usdc': 258152359836, 'fluid_usdc': 256434207691}"
2024-11-25,108664303358,4,0,0,0,dolomite_usdc,rel,"{'aave_v3_usdc': 312483035972, 'compound_v3_usdc': 262065680412, 'dolomite_usdc': 81069418400, 'fluid_usdc': 231670357643}"
2024-11-26,86731647696,4,0,0,0,dolomite_usdc,rel,"{'aave_v3_usdc': 286075644085, 'compound_v3_usdc': 280274635906, 'dolomite_usdc': 42658660000, 'fluid_usdc': 240419561195}"
2024-11-27,184616172261,4,0,0,0,dolomite_usdc,rel,"{'aave_v3_usdc': 312603720349, 'compound_v3_usdc': 269473183516, 'dolomite_usdc': 228858804182, 'fluid_usdc': 212741986986}"
2024-11-28,91064661160,4,0,0,0,dolomite_usdc,rel,"{'aave_v3_usdc': 290413014611, 'compound_v3_usdc': 288478360924, 'dolomite_usdc': 125398418400, 'fluid_usdc': 210339848110}"
2024-11-29,78949069470,4,0,0,0,dolomite_usdc,rel,"{'aave_v3_usdc': 306289422894, 'compound_v3_usdc': 283712806956, 'dolomite_usdc': 87504398400, 'fluid_usdc': 229743944094}"
2024-11-30,155173826323,4,0,0,0,dolomite_usdc,rel,"{'aave_v3_usdc': 315135844199, 'compound_v3_usdc': 251438259000, 'dolomite_usdc': 263419589999, 'fluid_usdc': 232776902999}"
2024-12-01,155396144000,4,0,0,0,dolomite_usdc,rel,"{'aave_v3_usdc': 303319010244, 'compound_v3_usdc': 303211450311, 'dolomite_usdc': 39334761000, 'fluid_usdc': 212968666767}"
2024-12-03,222948091481,4,0,0,0,dolomite_usdc,rel,"{'aave_v3_usdc': 280649156101, 'compound_v3_usdc': 225582812000, 'dolomite_usdc': 263861859954, 'fluid_usdc': 255145379262}"
2024-12-04,43678170472,4,0,0,0,dolomite_usdc,rel,"{'aave_v3_usdc': 304543914953, 'compound_v3_usdc': 270073123000, 'dolomite_usdc': 256424038677, 'fluid_usdc': 227358341598}"
2024-12-05,131083817865,3,0,0,0,dolomite_usdc,rel,"{'aave_v3_usdc': 313326015045, 'compound_v3_usdc': 287728811438, 'dolomite_usdc': 26882046500, 'fluid_usdc': 221719170191}"
2024-12-10,115902750537,4,0,0,0,dolomite_usdc,rel,"{'aave_v3_usdc': 313869761344, 'compound_v3_usdc': 266249322372, 'dolomite_usdc': 33104160000, 'fluid_usdc': 233561500379}"
2024-12-14,86871064285,4,0,0,0,dolomite_usdc,rel,"{'aave_v3_usdc': 318491447983, 'compound_v3_usdc': 263627543074, 'dolomite_usdc': 37061517500, 'fluid_usdc': 242243580138}"
2024-12-16,201137476719,4,0,0,0,dolomite_usdc,rel,"{'aave_v3_usdc': 314410284520, 'compound_v3_usdc': 238826709944, 'dolomite_usdc': 225858743793, 'fluid_usdc': 222616752255}"
2024-12-17,25623715779,3,0,0,0,dolomite_usdc,rel,"{'aave_v3_usdc': 314527163926, 'compound_v3_usdc': 274482549159, 'dolomite_usdc': 244104606538, 'fluid_usdc': 232645311457}"
2024-12-18,27786458006,3,0,0,0,dolomite_usdc,rel,"{'aave_v3_usdc': 314634709452, 'compound_v3_usdc': 295880676157, 'dolomite_usdc': 245485794911, 'fluid_usdc': 206445983473}"
2024-12-20,50233233852,4,0,0,0,dolomite_usdc,rel,"{'aave_v3_usdc': 314813302648, 'compound_v3_usdc': 236319515788, 'dolomite_usdc': 228312352707, 'fluid_usdc': 222144673037}"
2024-12-21,99365995949,4,0,0,0,dolomite_usdc,rel,"{'aave_v3_usdc': 294836159251, 'compound_v3_usdc': 283796038751, 'dolomite_usdc': 83131793600, 'fluid_usdc': 242990887488}"
2025-01-18,145591267748,4,0,0,0,dolomite_usdc,rel,"{'aave_v3_usdc': 316855529302, 'compound_v3_usdc': 243624607756, 'dolomite_usdc': 34730122500, 'fluid_usdc': 202457821108}"
2025-01-19,206426922831,4,94570769,354601864,12,,,"{'aave_v3_usdc': 316919871148, 'compound_v3_usdc': 250536603417, 'dolomite_usdc': 247704450509, 'fluid_usdc': 232454396388}"
2025-01-20,13836651318,3,0,0,0,dolomite_usdc,rel,"{'aave_v3_usdc': 316990937035, 'compound_v3_usdc': 268896952106, 'dolomite_usdc': 252771851250, 'fluid_usdc': 235775123321}"
2025-01-21,134046370092,4,0,0,0,dolomite_usdc,rel,"{'aave_v3_usdc': 317087978248, 'compound_v3_usdc': 250560511413, 'dolomite_usdc': 45634523000, 'fluid_usdc': 208273656942}"
2025-01-24,192478091135,4,88991236,439630265,18,,,"{'aave_v3_usdc': 317261098141, 'compound_v3_usdc': 243960843422, 'dolomite_usdc': 237308357303, 'fluid_usdc': 234254757117}"
2025-01-25,94388439477,3,0,0,0,dolomite_usdc,rel,"{'aave_v3_usdc': 290921985772, 'compound_v3_usdc': 271941698736, 'dolomite_usdc': 90127744000, 'fluid_usdc': 256888367639}"
2025-01-26,183142745491,4,0,0,0,dolomite_usdc,rel,"{'aave_v3_usdc': 317393780260, 'compound_v3_usdc': 263212297783, 'dolomite_usdc': 260048950648, 'fluid_usdc': 204635835326}"
2025-01-27,130950763150,4,0,0,0,dolomite_usdc,rel,"{'aave_v3_usdc': 317469289090, 'compound_v3_usdc': 254000831355, 'dolomite_usdc': 48430208500, 'fluid_usdc': 209157901077}"
2025-01-30,200358202575,4,0,0,0,dolomite_usdc,rel,"{'aave_v3_usdc': 317635419480, 'compound_v3_usdc': 278533029014, 'dolomite_usdc': 265430730510, 'fluid_usdc': 208544917842}"
2025-01-31,14961613693,2,0,0,0,dolomite_usdc,rel,"{'aave_v3_usdc': 310017311685, 'compound_v3_usdc': 285884227542, 'dolomite_usdc': 266228321905, 'fluid_usdc': 229646497525}"
2025-02-01,23662930074,4,0,0,0,dolomite_usdc,rel,"{'aave_v3_usdc': 317772834035, 'compound_v3_usdc': 271662611583, 'dolomite_usdc': 243808182168, 'fluid_usdc': 232557177346}"
2025-02-02,27033176519,3,0,0,0,dolomite_usdc,rel,"{'aave_v3_usdc': 300536446200, 'compound_v3_usdc': 298023782346, 'dolomite_usdc': 252577340463, 'fluid_usdc': 241106483738}"
2025-02-03,186553915662,4,0,0,0,dolomite_usdc,rel,"{'aave_v3_usdc': 317905551211, 'compound_v3_usdc': 249021196408, 'dolomite_usdc': 8854489800, 'fluid_usdc': 178215696069}"
2025-02-07,116803274904,4,0,0,0,dolomite_usdc,rel,"{'aave_v3_usdc': 318053257073, 'compound_v3_usdc': 262390681801, 'dolomite_usdc': 46882913000, 'fluid_usdc': 228498552068}"
2025-02-08,106994913955,4,0,0,0,dolomite_usdc,rel,"{'aave_v3_usdc': 318086360935, 'compound_v3_usdc': 256487930835, 'dolomite_usdc': 35794212500, 'fluid_usdc': 214067932044}"
2025-02-13,191607936638,4,0,0,0,dolomite_usdc,rel,"{'aave_v3_usdc': 318291673473, 'compound_v3_usdc': 257200486261, 'dolomite_usdc': 250198856690, 'fluid_usdc': 204250662632}"
2025-02-14,172654690528,4,0,0,0,dolomite_usdc,rel,"{'aave_v3_usdc': 318345255835, 'compound_v3_usdc': 237657804989, 'dolomite_usdc': 8724374000, 'fluid_usdc': 183933135444}"
2025-02-16,244169133401,4,109667653,483655571,15,,,"{'aave_v3_usdc': 318413587569, 'compound_v3_usdc': 254453499325, 'dolomite_usdc': 245698110101, 'fluid_usdc': 206517743323}"
2025-02-17,17389170244,4,0,0,0,dolomite_usdc,rel,"{'aave_v3_usdc': 318439655489, 'compound_v3_usdc': 266377882276, 'dolomite_usdc': 249305183166, 'fluid_usdc': 242629320052}"
2025-02-18,10049257922,2,0,0,0,dolomite_usdc,rel,"{'aave_v3_usdc': 324435263104, 'compound_v3_usdc': 281636954105, 'dolomite_usdc': 247376415187, 'fluid_usdc': 241027816921}"
2025-02-19,147930795876,4,0,0,0,dolomite_usdc,rel,"{'aave_v3_usdc': 318547936582, 'compound_v3_usdc': 244950369693, 'dolomite_usdc': 32184988000, 'fluid_usdc': 203121562709}"
2025-02-25,206393158275,4,0,0,0,dolomite_usdc,rel,"{'aave_v3_usdc': 318798694754, 'compound_v3_usdc': 281469331409, 'dolomite_usdc': 267883423625, 'fluid_usdc': 213539792493}"
2025-02-26,139679285880,4,0,0,0,dolomite_usdc,rel,"{'aave_v3_usdc': 318851655139, 'compound_v3_usdc': 254693978846, 'dolomite_usdc': 31401179500, 'fluid_usdc': 211404769877}"
2025-03-02,90125957386,4,0,0,0,dolomite_usdc,rel,"{'aave_v3_usdc': 327419176112, 'compound_v3_usdc': 280269060329, 'dolomite_usdc': 37864289500, 'fluid_usdc': 227855675807}"
2025-03-15,137763454178,4,0,0,0,dolomite_usdc,rel,"{'aave_v3_usdc': 319489853554, 'compound_v3_usdc': 246089342204, 'dolomite_usdc': 31901602500, 'fluid_usdc': 224895570206}"
2025-03-25,181974862316,4,0,0,0,dolomite_usdc,rel,"{'aave_v3_usdc': 319792407583, 'compound_v3_usdc': 242475316757, 'dolomite_usdc': 229944860678, 'fluid_usdc': 228735781582}"
2025-03-26,29867367956,4,0,0,0,dolomite_usdc,rel,"{'aave_v3_usdc': 319867129550, 'compound_v3_usdc': 264383980174, 'dolomite_usdc': 252291573597, 'fluid_usdc': 247234749028}"
2025-03-27,65714200317,2,0,0,0,dolomite_usdc,rel,"{'aave_v3_usdc': 324148943778, 'compound_v3_usdc': 265102816638, 'dolomite_usdc': 126809962400, 'fluid_usdc': 252897751251}"
2025-04-07,94875310496,4,0,0,0,dolomite_usdc,rel,"{'aave_v3_usdc': 320273152795, 'compound_v3_usdc': 263865401001, 'dolomite_usdc': 84306347200, 'fluid_usdc': 242399504800}"
2025-04-11,95134892204,4,0,0,0,dolomite_usdc,rel,"{'aave_v3_usdc': 320387151044, 'compound_v3_usdc': 266051614764, 'dolomite_usdc': 82783524800, 'fluid_usdc': 241494698335}"
2025-04-14,87413423412,4,0,0,0,dolomite_usdc,rel,"{'aave_v3_usdc': 320476188673, 'compound_v3_usdc': 262380407841, 'dolomite_usdc': 97421135200, 'fluid_usdc': 246188166048}"
2025-04-16,90923192955,4,0,0,0,dolomite_usdc,rel,"{'aave_v3_usdc': 320533395090, 'compound_v3_usdc': 259206360034, 'dolomite_usdc': 80907544800, 'fluid_usdc': 246317645999}"
2025-07-14,279352006042,5,0,0,0,dolomite_usdc,rel,"{'aave_v3_usdc': 305596472618, 'compound_v3_usdc': 226668318540, 'dolomite_usdc': 218442003890, 'euler_v2_usdc': 139412668000, 'fluid_usdc': 156744644012}"
2025-07-15,121643367791,5,0,0,0,dolomite_usdc,rel,"{'aave_v3_usdc': 256235113254, 'compound_v3_usdc': 227554566955, 'dolomite_usdc': 135650309600, 'euler_v2_usdc': 217660890131, 'fluid_usdc': 187757529842}"
2025-07-16,92765728185,5,0,0,0,euler_v2_usdc,rel,"{'aave_v3_usdc': 271195816016, 'compound_v3_usdc': 232390018644, 'dolomite_usdc': 222271601565, 'euler_v2_usdc': 197911622000, 'fluid_usdc': 175460023646}"
2025-07-17,25726530990,5,0,0,0,dolomite_usdc,rel,"{'aave_v3_usdc': 251857335066, 'compound_v3_usdc': 241627368255, 'dolomite_usdc': 219833091137, 'euler_v2_usdc': 215274084188, 'fluid_usdc': 183138644968}"
2025-07-18,47385213208,5,0,0,0,dolomite_usdc,rel,"{'aave_v3_usdc': 275371505092, 'compound_v3_usdc': 265584472601, 'dolomite_usdc': 204971600922, 'euler_v2_usdc': 199855652120, 'fluid_usdc': 166157119793}"
2025-07-19,6079361538,3,0,0,0,dolomite_usdc,rel,"{'aave_v3_usdc': 269544229753, 'compound_v3_usdc': 268765521702, 'dolomite_usdc': 204800217489, 'euler_v2_usdc': 200461701203, 'fluid_usdc': 168534671100}"
2025-07-20,25243589482,5,0,0,0,dolomite_usdc,rel,"{'aave_v3_usdc': 274479007732, 'compound_v3_usdc': 243548661502, 'dolomite_usdc': 212507055034, 'euler_v2_usdc': 210726891222, 'fluid_usdc': 171006986171}"
2025-07-21,32652847978,5,0,0,0,euler_v2_usdc,rel,"{'aave_v3_usdc': 247256029393, 'compound_v3_usdc': 246810924029, 'dolomite_usdc': 215106618000, 'euler_v2_usdc': 199073373800, 'fluid_usdc': 191617858962}"
2025-07-24,44090486036,4,0,0,0,dolomite_usdc,rel,"{'aave_v3_usdc': 267298957387, 'compound_v3_usdc': 249486448774, 'dolomite_usdc': 243474727116, 'euler_v2_usdc': 182800869650, 'fluid_usdc': 169886800905}"
2025-07-25,127826825727,4,0,0,0,dolomite_usdc,rel,"{'aave_v3_usdc': 304244764862, 'compound_v3_usdc': 233666213482, 'dolomite_usdc': 47759162500, 'euler_v2_usdc': 184127640352, 'fluid_usdc': 164089565827}"
2025-07-27,162379561094,5,0,0,0,euler_v2_usdc,rel,"{'aave_v3_usdc': 266743535610, 'compound_v3_usdc': 251819262637, 'dolomite_usdc': 210164948516, 'euler_v2_usdc': 195686176228, 'fluid_usdc': 189003665942}"
2025-07-28,132675419078,5,0,0,0,dolomite_usdc,rel,"{'aave_v3_usdc': 313425337610, 'compound_v3_usdc': 297720656514, 'dolomite_usdc': 242475820887, 'euler_v2_usdc': 203603950657, 'fluid_usdc': 56358642796}"
2025-07-29,68220174587,3,0,0,0,dolomite_usdc,rel,"{'aave_v3_usdc': 312155121147, 'compound_v3_usdc': 288871602118, 'dolomite_usdc': 239073836539, 'euler_v2_usdc': 81137318400, 'fluid_usdc': 56704838209}"
2025-07-30,180764862771,5,0,0,0,dolomite_usdc,rel,"{'aave_v3_usdc': 277176151684, 'compound_v3_usdc': 240858054638, 'dolomite_usdc': 211112864727, 'euler_v2_usdc': 192731005793, 'fluid_usdc': 191951169353}"
2025-07-31,27063237509,4,0,0,0,euler_v2_usdc,rel,"{'aave_v3_usdc': 250144200907, 'compound_v3_usdc': 243013141282, 'dolomite_usdc': 224071264153, 'euler_v2_usdc': 202232394052, 'fluid_usdc': 194544220393}"
2025-08-01,86477882881,5,0,0,0,dolomite_usdc,rel,"{'aave_v3_usdc': 270017787209, 'compound_v3_usdc': 258205205516, 'dolomite_usdc': 204379951193, 'euler_v2_usdc': 89848694400, 'fluid_usdc': 188778428202}"
2025-08-02,162532548730,5,0,0,0,dolomite_usdc,rel,"{'aave_v3_usdc': 273957783552, 'compound_v3_usdc': 237623268727, 'dolomite_usdc': 115127825600, 'euler_v2_usdc': 199059642564, 'fluid_usdc': 181895485255}"
2025-08-03,143691159069,5,0,0,0,dolomite_usdc,rel,"{'aave_v3_usdc': 287926651217, 'compound_v3_usdc': 241778128722, 'dolomite_usdc': 213799193587, 'euler_v2_usdc': 105196189600, 'fluid_usdc': 175676501091}"
2025-08-04,94124150950,5,0,0,0,dolomite_usdc,rel,"{'aave_v3_usdc': 268900813594, 'compound_v3_usdc': 253292972009, 'dolomite_usdc': 203013425188, 'euler_v2_usdc': 199334433957, 'fluid_usdc': 190081213589}"
2025-08-05,70640950855,5,0,0,0,euler_v2_usdc,rel,"{'aave_v3_usdc': 274072358297, 'compound_v3_usdc': 238503162895, 'dolomite_usdc': 213972683308, 'euler_v2_usdc': 100003042400, 'fluid_usdc': 179072500986}"
2025-08-06,100487676948,5,0,0,0,dolomite_usdc,rel,"{'aave_v3_usdc': 266186354682, 'compound_v3_usdc': 242545170269, 'dolomite_usdc': 205856728422, 'euler_v2_usdc': 200504007423, 'fluid_usdc': 199834917298}"
2025-08-07,8123821426,3,0,0,0,euler_v2_usdc,rel,"{'aave_v3_usdc': 261542059585, 'compound_v3_usdc': 239124168763, 'dolomite_usdc': 206891479970, 'euler_v2_usdc': 206333820994, 'fluid_usdc': 201203358418}"
2025-08-08,84431976697,5,0,0,0,euler_v2_usdc,rel,"{'aave_v3_usdc': 268497273520, 'compound_v3_usdc': 250761059773, 'dolomite_usdc': 210157400628, 'euler_v2_usdc': 83344572800, 'fluid_usdc': 177139040444}"
2025-08-10,63414369005,4,0,0,0,dolomite_usdc,rel,"{'aave_v3_usdc': 297940984579, 'compound_v3_usdc': 236121019989, 'dolomite_usdc': 214696050311, 'euler_v2_usdc': 100737914400, 'fluid_usdc': 173966290247}"
2025-08-11,57856315277,5,0,0,0,dolomite_usdc,rel,"{'aave_v3_usdc': 278231730229, 'compound_v3_usdc': 239281520101, 'dolomite_usdc': 217518508711, 'euler_v2_usdc': 92243042400, 'fluid_usdc': 178233483023}"
2025-08-12,60927492578,4,0,0,0,dolomite_usdc,rel,"{'aave_v3_usdc': 272912230823, 'compound_v3_usdc': 249918398696, 'dolomite_usdc': 216878717582, 'euler_v2_usdc': 79843338400, 'fluid_usdc': 174462910746}"
2025-08-13,55132730671,5,0,0,0,dolomite_usdc,rel,"{'aave_v3_usdc': 283333020431, 'compound_v3_usdc': 233766487306, 'dolomite_usdc': 221821399368, 'euler_v2_usdc': 97210916800, 'fluid_usdc': 179399591738}"
2025-08-14,64538666138,5,0,0,0,euler_v2_usdc,rel,"{'aave_v3_usdc': 261018408476, 'compound_v3_usdc': 231433345069, 'dolomite_usdc': 215580216752, 'euler_v2_usdc': 80139304800, 'fluid_usdc': 198945596195}"
2025-08-15,176479242297,4,0,0,0,dolomite_usdc,rel,"{'aave_v3_usdc': 324852696345, 'compound_v3_usdc': 215405120247, 'dolomite_usdc': 6721653800, 'euler_v2_usdc': 80608008800, 'fluid_usdc': 169845094814}"
2025-08-17,344314007577,5,0,0,0,euler_v2_usdc,rel,"{'aave_v3_usdc': 251616433138, 'compound_v3_usdc': 235422743478, 'dolomite_usdc': 228498545140, 'euler_v2_usdc': 215320232175, 'fluid_usdc': 185724868313}"
2025-08-18,20342632758,3,0,0,0,euler_v2_usdc,rel,"{'aave_v3_usdc': 270643292321, 'compound_v3_usdc': 236798918581, 'dolomite_usdc': 222166532574, 'euler_v2_usdc': 213565817135, 'fluid_usdc': 173578075224}"
2025-08-19,99097990292,5,0,0,0,dolomite_usdc,rel,"{'aave_v3_usdc': 260630218061, 'compound_v3_usdc': 252363335876, 'dolomite_usdc': 224546394472, 'euler_v2_usdc': 48464013000, 'fluid_usdc': 178743398584}"
2025-08-20,164954692557,5,0,0,0,dolomite_usdc,rel,"{'aave_v3_usdc': 255216850398, 'compound_v3_usdc': 230969014787, 'dolomite_usdc': 213649132207, 'euler_v2_usdc': 213425649851, 'fluid_usdc': 203815908549}"
2025-08-21,11383884869,4,0,0,0,dolomite_usdc,rel,"{'aave_v3_usdc': 250902555843, 'compound_v3_usdc': 236932480351, 'dolomite_usdc': 217597895869, 'euler_v2_usdc': 206421835475, 'fluid_usdc': 205415990040}"
2025-08-22,33544301200,4,0,0,0,dolomite_usdc,rel,"{'aave_v3_usdc': 284479096302, 'compound_v3_usdc': 226577260591, 'dolomite_usdc': 210257438171, 'euler_v2_usdc': 205674474340, 'fluid_usdc': 190472447976}"
2025-08-23,73937735036,5,0,0,0,dolomite_usdc,rel,"{'aave_v3_usdc': 269864581328, 'compound_v3_usdc': 234091314540, 'dolomite_usdc': 112751791200, 'euler_v2_usdc': 216428264064, 'fluid_usdc': 173053178084}"
2025-08-28,113338304647,5,0,0,0,euler_v2_usdc,rel,"{'aave_v3_usdc': 244011774748, 'compound_v3_usdc': 228012836743, 'dolomite_usdc': 221523756993, 'euler_v2_usdc': 218055455747, 'fluid_usdc': 206867387212}"
2025-08-30,34228380164,4,0,0,0,dolomite_usdc,rel,"{'aave_v3_usdc': 269584784939, 'compound_v3_usdc': 236795933968, 'dolomite_usdc': 217883593306, 'euler_v2_usdc': 216876427236, 'fluid_usdc': 177708857817}"
2025-08-31,17350171327,3,0,0,0,dolomite_usdc,rel,"{'aave_v3_usdc': 280705292655, 'compound_v3_usdc': 238957655430, 'dolomite_usdc': 220825973847, 'euler_v2_usdc': 199560421373, 'fluid_usdc': 178966412661}"
2025-09-11,42224580102,5,0,0,0,dolomite_usdc,rel,"{'aave_v3_usdc': 323275448748, 'compound_v3_usdc': 223625007022, 'dolomite_usdc': 211855269810, 'euler_v2_usdc': 185513477003, 'fluid_usdc': 176433965440}"
2025-09-12,47368454697,5,0,0,0,dolomite_usdc,rel,"{'aave_v3_usdc': 290611256528, 'compound_v3_usdc': 259778657938, 'dolomite_usdc': 223228013791, 'euler_v2_usdc': 173895856047, 'fluid_usdc': 173447381886}"
2025-09-13,25448373407,4,0,0,0,dolomite_usdc,rel,"{'aave_v3_usdc': 274625257107, 'compound_v3_usdc': 272943191425, 'dolomite_usdc': 224387562054, 'euler_v2_usdc': 185139362794, 'fluid_usdc': 164057472906}"
2025-09-14,11526827372,3,0,0,0,dolomite_usdc,rel,"{'aave_v3_usdc': 274641448434, 'compound_v3_usdc': 266342768489, 'dolomite_usdc': 223279348237, 'euler_v2_usdc': 181449515543, 'fluid_usdc': 175618010717}"
2025-09-15,35171717557,4,0,0,0,dolomite_usdc,rel,"{'aave_v3_usdc': 280992530707, 'compound_v3_usdc': 242517305944, 'dolomite_usdc': 222774916561, 'euler_v2_usdc': 210323750529, 'fluid_usdc': 164893820415}"
2025-09-16,20847863362,4,0,0,0,dolomite_usdc,rel,"{'aave_v3_usdc': 267496664262, 'compound_v3_usdc': 243035979358, 'dolomite_usdc': 208369677000, 'euler_v2_usdc': 204100852471, 'fluid_usdc': 171898024181}"
2025-09-17,29606001211,4,0,0,0,dolomite_usdc,rel,"{'aave_v3_usdc': 268416352830, 'compound_v3_usdc': 261346858587, 'dolomite_usdc': 224540602848, 'euler_v2_usdc': 186275562582, 'fluid_usdc': 181338138032}"
2025-09-18,48379799817,4,0,0,0,dolomite_usdc,rel,"{'aave_v3_usdc': 316832554316, 'compound_v3_usdc': 235800636421, 'dolomite_usdc': 207181330240, 'euler_v2_usdc': 181704536109, 'fluid_usdc': 180582210377}"
2025-09-19,26972504493,4,0,0,0,dolomite_usdc,rel,"{'aave_v3_usdc': 291108972174, 'compound_v3_usdc': 251254099393, 'dolomite_usdc': 212409631837, 'euler_v2_usdc': 188159906426, 'fluid_usdc': 179403061139}"
2025-09-20,41770489620,5,0,0,0,dolomite_usdc,rel,"{'aave_v3_usdc': 256689469581, 'compound_v3_usdc': 240407766567, 'dolomite_usdc': 198889770000, 'euler_v2_usdc': 209865537466, 'fluid_usdc': 176516118190}"
2025-09-28,25517640572,5,0,0,0,dolomite_usdc,rel,"{'aave_v3_usdc': 262345542045, 'compound_v3_usdc': 253574452341, 'dolomite_usdc': 214441898277, 'euler_v2_usdc': 200160765041, 'fluid_usdc': 193638672697}"
2025-09-29,144410990480,5,0,0,0,dolomite_usdc,rel,"{'aave_v3_usdc': 317499910091, 'compound_v3_usdc': 305353261033, 'dolomite_usdc': 252042967947, 'euler_v2_usdc': 196708233351, 'fluid_usdc': 52747948222}"
2025-09-30,5177082322,2,0,0,0,dolomite_usdc,rel,"{'aave_v3_usdc': 313152537543, 'compound_v3_usdc': 308315770619, 'dolomite_usdc': 254211470850, 'euler_v2_usdc': 196845165481, 'fluid_usdc': 51967123687}"
2025-10-05,106233989915,5,0,0,0,dolomite_usdc,rel,"{'aave_v3_usdc': 279353288836, 'compound_v3_usdc': 278565427022, 'dolomite_usdc': 231631373257, 'euler_v2_usdc': 177494011480, 'fluid_usdc': 158247672886}"
2025-10-06,3305675340,2,0,0,0,dolomite_usdc,rel,"{'aave_v3_usdc': 279985172051, 'compound_v3_usdc': 276044890177, 'dolomite_usdc': 234277902307, 'euler_v2_usdc': 176749786940, 'fluid_usdc': 158399331353}"
2025-10-07,26331637800,3,0,0,0,dolomite_usdc,rel,"{'aave_v3_usdc': 279462040337, 'compound_v3_usdc': 250299804862, 'dolomite_usdc': 236450557900, 'euler_v2_usdc': 196816940575, 'fluid_usdc': 162587907432}"
2025-10-10,164865598280,5,0,0,0,dolomite_usdc,rel,"{'aave_v3_usdc': 320177974015, 'compound_v3_usdc': 180480335810, 'dolomite_usdc': 176311938541, 'euler_v2_usdc': 163919406119, 'fluid_usdc': 160990262092, 'morpho_blue_usdc': 124263302371}"
2025-11-03,106929099434,6,0,0,0,dolomite_usdc,rel,"{'aave_v3_usdc': 215909003122, 'compound_v3_usdc': 205622239099, 'dolomite_usdc': 154590762400, 'euler_v2_usdc': 186857372859, 'fluid_usdc': 167527299804, 'morpho_blue_usdc': 158483990773}"
2026-01-05,50443295888,5,0,0,0,euler_v2_usdc,rel,"{'aave_v3_usdc': 224346947688, 'compound_v3_usdc': 214081962792, 'dolomite_usdc': 188647611325, 'euler_v2_usdc': 153857908000, 'fluid_usdc': 173250133980, 'morpho_blue_usdc': 165152201450}"
2026-01-08,26422976219,4,0,0,0,euler_v2_usdc,rel,"{'aave_v3_usdc': 227502433966, 'compound_v3_usdc': 214609868751, 'dolomite_usdc': 182435502463, 'euler_v2_usdc': 129739129600, 'fluid_usdc': 167603347791, 'morpho_blue_usdc': 166804693309}"
2026-01-09,61452898972,6,0,0,0,euler_v2_usdc,rel,"{'aave_v3_usdc': 263611267171, 'compound_v3_usdc': 215339593572, 'dolomite_usdc': 175626727349, 'euler_v2_usdc': 166383215383, 'fluid_usdc': 161362048389, 'morpho_blue_usdc': 158394995166}"
2026-01-11,68010875297,6,0,0,0,euler_v2_usdc,rel,"{'aave_v3_usdc': 212316541064, 'compound_v3_usdc': 210718459572, 'dolomite_usdc': 198732848383, 'euler_v2_usdc': 123841219200, 'fluid_usdc': 167798556647, 'morpho_blue_usdc': 166428772511}"
2026-01-20,44707911933,6,0,0,0,euler_v2_usdc,rel,"{'aave_v3_usdc': 241536342880, 'compound_v3_usdc': 203489227374, 'dolomite_usdc': 189892810722, 'euler_v2_usdc': 115619499200, 'fluid_usdc': 168184246319, 'morpho_blue_usdc': 164985089460}"
2026-01-21,61144233085,6,0,0,0,euler_v2_usdc,rel,"{'aave_v3_usdc': 230456642296, 'compound_v3_usdc': 219716471559, 'dolomite_usdc': 179269445593, 'euler_v2_usdc': 88142736000, 'fluid_usdc': 167615217773, 'morpho_blue_usdc': 167272446366}"
2026-01-23,87666753647,5,0,0,0,euler_v2_usdc,rel,"{'aave_v3_usdc': 265963093761, 'compound_v3_usdc': 199443746718, 'dolomite_usdc': 174756154001, 'euler_v2_usdc': 25563768000, 'fluid_usdc': 167441311714, 'morpho_blue_usdc': 165269717911}"
2026-01-27,115309155279,6,0,0,0,dolomite_usdc,rel,"{'aave_v3_usdc': 227345812383, 'compound_v3_usdc': 212250416390, 'dolomite_usdc': 151233864000, 'euler_v2_usdc': 43221793500, 'fluid_usdc': 171309872711, 'morpho_blue_usdc': 167879100894}"
2026-01-28,127761456986,6,0,0,0,euler_v2_usdc,rel,"{'aave_v3_usdc': 231716009083, 'compound_v3_usdc': 204495668430, 'dolomite_usdc': 196260943527, 'euler_v2_usdc': 8096725800, 'fluid_usdc': 168926231695, 'morpho_blue_usdc': 168240004620}"
2026-03-06,198324978928,6,0,0,0,dolomite_usdc,rel,"{'aave_v3_usdc': 228590179344, 'compound_v3_usdc': 201163947987, 'dolomite_usdc': 152221401600, 'euler_v2_usdc': 186016405982, 'fluid_usdc': 176950831601, 'morpho_blue_usdc': 161344273172}"
2026-04-03,71696365677,6,0,0,0,euler_v2_usdc,rel,"{'aave_v3_usdc': 222710667306, 'compound_v3_usdc': 213507747169, 'dolomite_usdc': 207985995087, 'euler_v2_usdc': 150363114400, 'fluid_usdc': 171979570053, 'morpho_blue_usdc': 157254897834}"
2026-04-04,62957821641,6,0,0,0,euler_v2_usdc,rel,"{'aave_v3_usdc': 262129572061, 'compound_v3_usdc': 197345134365, 'dolomite_usdc': 183191518315, 'euler_v2_usdc': 127926626400, 'fluid_usdc': 169268042362, 'morpho_blue_usdc': 163284399804}"
2026-04-06,35549094261,5,0,0,0,euler_v2_usdc,rel,"{'aave_v3_usdc': 234189366123, 'compound_v3_usdc': 208296192965, 'dolomite_usdc': 185855442894, 'euler_v2_usdc': 114722908800, 'fluid_usdc': 171585427464, 'morpho_blue_usdc': 165255985137}"
2026-04-09,85977433723,6,0,0,0,dolomite_usdc,rel,"{'aave_v3_usdc': 219423101110, 'compound_v3_usdc': 205953792175, 'dolomite_usdc': 144707548800, 'euler_v2_usdc': 149055321600, 'fluid_usdc': 169460023522, 'morpho_blue_usdc': 158753649754}"
2026-04-10,100257983988,6,0,0,0,dolomite_usdc,rel,"{'aave_v3_usdc': 246702769888, 'compound_v3_usdc': 205144347149, 'dolomite_usdc': 29588880000, 'euler_v2_usdc': 133024403200, 'fluid_usdc': 171644344332, 'morpho_blue_usdc': 169572179209}"
2026-04-13,129390937301,6,0,0,0,euler_v2_usdc,rel,"{'aave_v3_usdc': 229858162229, 'compound_v3_usdc': 218802859838, 'dolomite_usdc': 33172933000, 'euler_v2_usdc': 122910019200, 'fluid_usdc': 162950550879, 'morpho_blue_usdc': 159035131282}"
2026-04-18,153841407905,6,0,0,0,dolomite_usdc,rel,"{'aave_v3_usdc': 269460341548, 'compound_v3_usdc': 197458326384, 'dolomite_usdc': 31320669500, 'euler_v2_usdc': 106905407200, 'fluid_usdc': 162090936536, 'morpho_blue_usdc': 155869962426}"
2026-04-19,125666690714,6,0,0,0,dolomite_usdc,rel,"{'aave_v3_usdc': 256422769934, 'compound_v3_usdc': 252736548624, 'dolomite_usdc': 27130415000, 'euler_v2_usdc': 96661974400, 'fluid_usdc': 152171823487, 'morpho_blue_usdc': 144108214370}"
2026-04-20,238798475722,6,0,0,0,dolomite_usdc,rel,"{'aave_v3_usdc': 228859042058, 'compound_v3_usdc': 225862901528, 'dolomite_usdc': 212351430000, 'euler_v2_usdc': 84040101600, 'fluid_usdc': 147848011561, 'morpho_blue_usdc': 145888996599}"
2026-04-21,148250956936,6,0,0,0,dolomite_usdc,rel,"{'aave_v3_usdc': 234431293136, 'compound_v3_usdc': 230282066709, 'dolomite_usdc': 8593598600, 'euler_v2_usdc': 83136449600, 'fluid_usdc': 161819830660, 'morpho_blue_usdc': 146260231558}"
2026-04-22,189294743542,6,0,0,0,euler_v2_usdc,rel,"{'aave_v3_usdc': 216477802776, 'compound_v3_usdc': 210944823792, 'dolomite_usdc': 27686079500, 'euler_v2_usdc': 43421128500, 'fluid_usdc': 167487884682, 'morpho_blue_usdc': 145932320721}"
2026-04-27,321719529385,6,0,0,0,dolomite_usdc,rel,"{'aave_v3_usdc': 240158433704, 'compound_v3_usdc': 224586200971, 'dolomite_usdc': 215588910948, 'euler_v2_usdc': 177292753412, 'fluid_usdc': 174639706354, 'morpho_blue_usdc': 120886665957}"
2026-04-28,102761089552,6,0,0,0,dolomite_usdc,rel,"{'aave_v3_usdc': 246303324195, 'compound_v3_usdc': 207194740166, 'dolomite_usdc': 164247675000, 'euler_v2_usdc': 90980490400, 'fluid_usdc': 176969226845, 'morpho_blue_usdc': 162894751177}"
2026-04-29,154472097963,6,0,0,0,dolomite_usdc,rel,"{'aave_v3_usdc': 221164507693, 'compound_v3_usdc': 199821036685, 'dolomite_usdc': 91451600000, 'euler_v2_usdc': 192091239076, 'fluid_usdc': 179400526585, 'morpho_blue_usdc': 162787230232}"
2026-04-30,98646215117,6,0,0,0,euler_v2_usdc,rel,"{'aave_v3_usdc': 224216134766, 'compound_v3_usdc': 212907240681, 'dolomite_usdc': 101603775200, 'euler_v2_usdc': 90882792000, 'fluid_usdc': 174249286411, 'morpho_blue_usdc': 172749126992}"
2026-05-04,137796799183,6,0,0,0,dolomite_usdc,rel,"{'aave_v3_usdc': 238278741569, 'compound_v3_usdc': 217844954138, 'dolomite_usdc': 95773376800, 'euler_v2_usdc': 178478165923, 'fluid_usdc': 177554604909, 'morpho_blue_usdc': 145691749932}"
2026-05-05,59043011760,5,0,0,0,euler_v2_usdc,rel,"{'aave_v3_usdc': 245342879449, 'compound_v3_usdc': 201816166247, 'dolomite_usdc': 107605980000, 'euler_v2_usdc': 180341448329, 'fluid_usdc': 173760486386, 'morpho_blue_usdc': 154594877921}"
2026-05-06,50844033429,5,0,0,0,euler_v2_usdc,rel,"{'aave_v3_usdc': 237513825461, 'compound_v3_usdc': 212226743411, 'dolomite_usdc': 106154704800, 'euler_v2_usdc': 185554067825, 'fluid_usdc': 175970379194, 'morpho_blue_usdc': 145602787509}"
2026-05-07,51123277949,6,0,0,0,euler_v2_usdc,rel,"{'aave_v3_usdc': 230606010963, 'compound_v3_usdc': 209704815177, 'dolomite_usdc': 106996354400, 'euler_v2_usdc': 178872664487, 'fluid_usdc': 172636948618, 'morpho_blue_usdc': 153352419909}"
2026-05-08,100401320241,6,0,0,0,euler_v2_usdc,rel,"{'aave_v3_usdc': 234091474514, 'compound_v3_usdc': 206259187707, 'dolomite_usdc': 122254687200, 'euler_v2_usdc': 43728327500, 'fluid_usdc': 177387520895, 'morpho_blue_usdc': 169996374191}"
2026-05-09,112390122136,5,0,0,0,dolomite_usdc,rel,"{'aave_v3_usdc': 217112020002, 'compound_v3_usdc': 211915189736, 'dolomite_usdc': 112159703200, 'euler_v2_usdc': 43468028000, 'fluid_usdc': 177731595097, 'morpho_blue_usdc': 167453419682}"
2026-05-11,117608455706,6,0,0,0,dolomite_usdc,rel,"{'aave_v3_usdc': 234503828331, 'compound_v3_usdc': 211515522007, 'dolomite_usdc': 93895767200, 'euler_v2_usdc': 41357162500, 'fluid_usdc': 172007980485, 'morpho_blue_usdc': 166347543250}"
